"",".id","OTU","log2FoldChange","p","padj","Kingdom","Phyla","Class","Order","Family","Genus","Species","Strain","density_min","density_max","sparsity_threshold","sparsity_apply","l2fc_threshold"
"1","(Treatment=='9MC2' & TP=='24.00') | (Treatment=='5MC2' & TP == '-0.45')","529768d439b63fc1fd2991f7c6ea2071",-0.917586393576567,0.986304601747586,1,"Bacteria","","","","","","","529768d439b63fc1fd2991f7c6ea2071",1.768,1.785,0.15,"all",0.25
"2","(Treatment=='9MC2' & TP=='24.00') | (Treatment=='5MC2' & TP == '-0.45')","1583d8af9fd9cb078f88c0e1a8b8a888",0.4190342702114,0.111121591157553,0.538177117959127,"Bacteria","Proteobacteria","Alphaproteobacteria","Rhizobiales","Xanthobacteraceae","Ancylobacter","Ambiguous_taxa","1583d8af9fd9cb078f88c0e1a8b8a888",1.768,1.785,0.15,"all",0.25
"3","(Treatment=='9MC2' & TP=='24.00') | (Treatment=='5MC2' & TP == '-0.45')","b75e2ef0e905fa22619b60098e918ee3",0.405940652912481,0.465378530635444,1,"Bacteria","Proteobacteria","Alphaproteobacteria","Rhodospirillales","Magnetospirillaceae","Magnetospirillum","","b75e2ef0e905fa22619b60098e918ee3",1.768,1.785,0.15,"all",0.25
"4","(Treatment=='9MC2' & TP=='24.00') | (Treatment=='5MC2' & TP == '-0.45')","936f76885e2ff79dde9adf042e7d4617",0.968227374076641,0.19564511272503,0.819056658357331,"Bacteria","Proteobacteria","Alphaproteobacteria","Rhodospirillales","Magnetospirillaceae","Magnetospirillum","","936f76885e2ff79dde9adf042e7d4617",1.768,1.785,0.15,"all",0.25
"5","(Treatment=='9MC2' & TP=='24.00') | (Treatment=='5MC2' & TP == '-0.45')","d94c20c00db235bb6fccc68f06f100c7",2.10199915153505,0.00550025779873638,0.0438246347189641,"Bacteria","Proteobacteria","Alphaproteobacteria","Rhodospirillales","Magnetospirillaceae","Magnetospirillum","","d94c20c00db235bb6fccc68f06f100c7",1.768,1.785,0.15,"all",0.25
"6","(Treatment=='9MC2' & TP=='24.00') | (Treatment=='5MC2' & TP == '-0.45')","740d9b2ea5713119fec5849936b9128b",-0.116249957110866,0.910406572807491,1,"Bacteria","Proteobacteria","Alphaproteobacteria","Sneathiellales","Sneathiellaceae","Ferrovibrio","Ambiguous_taxa","740d9b2ea5713119fec5849936b9128b",1.768,1.785,0.15,"all",0.25
"7","(Treatment=='9MC2' & TP=='24.00') | (Treatment=='5MC2' & TP == '-0.45')","ca2b23c1b70c9034ea6412255f88eb7f",-1.36911695868869,0.991928440593025,1,"Bacteria","Proteobacteria","Deltaproteobacteria","Bdellovibrionales","Bacteriovoracaceae","Bacteriovorax","Ambiguous_taxa","ca2b23c1b70c9034ea6412255f88eb7f",1.768,1.785,0.15,"all",0.25
"8","(Treatment=='9MC2' & TP=='24.00') | (Treatment=='5MC2' & TP == '-0.45')","63413adbe8227f80412e824dffac1f5a",-0.530686338141352,0.999999546941128,1,"Bacteria","Bacteroidetes","Bacteroidia","Sphingobacteriales","NS11-12 marine group","uncultured bacterium","uncultured bacterium","63413adbe8227f80412e824dffac1f5a",1.768,1.785,0.15,"all",0.25
"9","(Treatment=='9MC2' & TP=='24.00') | (Treatment=='5MC2' & TP == '-0.45')","83c246c4ed456dea2a15d054f16009b3",2.10128425588771,3.10549031251103e-17,2.55685369063409e-15,"Bacteria","Proteobacteria","Gammaproteobacteria","Betaproteobacteriales","Rhodocyclaceae","Zoogloea","","83c246c4ed456dea2a15d054f16009b3",1.768,1.785,0.15,"all",0.25
"10","(Treatment=='9MC2' & TP=='24.00') | (Treatment=='5MC2' & TP == '-0.45')","7af6ae689696e9ea838fbb88ee9afb78",2.06245970758616,0.205395251240267,0.83168241075977,"Bacteria","Proteobacteria","Gammaproteobacteria","Betaproteobacteriales","Rhodocyclaceae","Dechloromonas","","7af6ae689696e9ea838fbb88ee9afb78",1.768,1.785,0.15,"all",0.25
"11","(Treatment=='9MC2' & TP=='24.00') | (Treatment=='5MC2' & TP == '-0.45')","1e104b993416995498346089f57fd3bf",-0.434775919220372,0.995151153286479,1,"Bacteria","Proteobacteria","Gammaproteobacteria","Betaproteobacteriales","Methylophilaceae","Methylophilus","","1e104b993416995498346089f57fd3bf",1.768,1.785,0.15,"all",0.25
"12","(Treatment=='9MC2' & TP=='24.00') | (Treatment=='5MC2' & TP == '-0.45')","137dc661fa672b506fd805198510edf9",-0.877117345371359,0.999928656222513,1,"Bacteria","Proteobacteria","Gammaproteobacteria","Betaproteobacteriales","Burkholderiaceae","Ampullimonas","Ambiguous_taxa","137dc661fa672b506fd805198510edf9",1.768,1.785,0.15,"all",0.25
"13","(Treatment=='9MC2' & TP=='24.00') | (Treatment=='5MC2' & TP == '-0.45')","87a918f2af94ff451dd1f9ada0c46ecb",-0.67163359786041,0.603458996043502,1,"Bacteria","Proteobacteria","Gammaproteobacteria","Betaproteobacteriales","Rhodocyclaceae","Methyloversatilis","","87a918f2af94ff451dd1f9ada0c46ecb",1.768,1.785,0.15,"all",0.25
"14","(Treatment=='9MC2' & TP=='24.00') | (Treatment=='5MC2' & TP == '-0.45')","aee83626bf99f96165a5c90cc9511595",-0.585338234532735,0.589740811841235,1,"Bacteria","Proteobacteria","Gammaproteobacteria","Betaproteobacteriales","Burkholderiaceae","","","aee83626bf99f96165a5c90cc9511595",1.768,1.785,0.15,"all",0.25
"15","(Treatment=='9MC2' & TP=='24.00') | (Treatment=='5MC2' & TP == '-0.45')","9c54c522a386d5ed75686001dae803d9",-0.585995880159858,0.999814874983588,1,"Bacteria","Proteobacteria","Gammaproteobacteria","Betaproteobacteriales","Burkholderiaceae","","","9c54c522a386d5ed75686001dae803d9",1.768,1.785,0.15,"all",0.25
"16","(Treatment=='9MC2' & TP=='24.00') | (Treatment=='5MC2' & TP == '-0.45')","c1d9eada909d2d5dbe078f25f1038508",-2.22091866539686,0.947169497019575,1,"Bacteria","Proteobacteria","Gammaproteobacteria","Betaproteobacteriales","Burkholderiaceae","Aquabacterium","","c1d9eada909d2d5dbe078f25f1038508",1.768,1.785,0.15,"all",0.25
"17","(Treatment=='9MC2' & TP=='24.00') | (Treatment=='5MC2' & TP == '-0.45')","7ebbb1e6f79a2910951c191a4bf1df66",-0.312837294860939,0.9824075487304,1,"Bacteria","Proteobacteria","Gammaproteobacteria","Betaproteobacteriales","Rhodocyclaceae","Methyloversatilis","","7ebbb1e6f79a2910951c191a4bf1df66",1.768,1.785,0.15,"all",0.25
"18","(Treatment=='9MC2' & TP=='24.00') | (Treatment=='5MC2' & TP == '-0.45')","29b2870e522fa2d0b60ae25278a57c5b",-1.29009171660625,0.981532993700606,1,"Bacteria","Proteobacteria","Gammaproteobacteria","Betaproteobacteriales","","","","29b2870e522fa2d0b60ae25278a57c5b",1.768,1.785,0.15,"all",0.25
"19","(Treatment=='9MC2' & TP=='24.00') | (Treatment=='5MC2' & TP == '-0.45')","65a75a16ddf0882daec9e72eea3aa180",0.434805399404089,0.408449674489929,1,"Bacteria","Proteobacteria","Gammaproteobacteria","Salinisphaerales","Solimonadaceae","Nevskia","","65a75a16ddf0882daec9e72eea3aa180",1.768,1.785,0.15,"all",0.25
"20","(Treatment=='9MC2' & TP=='24.00') | (Treatment=='5MC2' & TP == '-0.45')","29f3083d2d8f993bec5a67e7af219321",-0.790072713258137,0.706084858793618,1,"Bacteria","Verrucomicrobia","Verrucomicrobiae","Opitutales","Opitutaceae","Lacunisphaera","","29f3083d2d8f993bec5a67e7af219321",1.768,1.785,0.15,"all",0.25
"21","(Treatment=='9MC2' & TP=='24.00') | (Treatment=='5MC2' & TP == '-0.45')","5c21f017407dbb74aea300b42e85dd30",0.447113831433576,0.479523743556948,1,"Bacteria","Verrucomicrobia","Verrucomicrobiae","Opitutales","Opitutaceae","Opitutus","uncultured Verrucomicrobia bacterium","5c21f017407dbb74aea300b42e85dd30",1.768,1.785,0.15,"all",0.25
"22","(Treatment=='9MC2' & TP=='24.00') | (Treatment=='5MC2' & TP == '-0.45')","520c7e89d0c7c72e7d85eed29aaedb70",-0.604273555320259,0.990551685052192,1,"Bacteria","Planctomycetes","OM190","uncultured bacterium","uncultured bacterium","uncultured bacterium","uncultured bacterium","520c7e89d0c7c72e7d85eed29aaedb70",1.775,1.795,0.15,"all",0.25
"23","(Treatment=='9MC2' & TP=='24.00') | (Treatment=='5MC2' & TP == '-0.45')","98f53519513214e968c569829a1471bb",0.801827985237493,0.242987589619852,0.953504408004474,"Bacteria","Proteobacteria","Alphaproteobacteria","Rhizobiales","Rhizobiaceae","Allorhizobium-Neorhizobium-Pararhizobium-Rhizobium","","98f53519513214e968c569829a1471bb",1.775,1.795,0.15,"all",0.25
"24","(Treatment=='9MC2' & TP=='24.00') | (Treatment=='5MC2' & TP == '-0.45')","d5c62883f6e56836e55aefb9a15623a5",0.232902748057522,0.550122917542968,1,"Bacteria","Proteobacteria","Alphaproteobacteria","Elsterales","Elsteraceae","Elstera","Ambiguous_taxa","d5c62883f6e56836e55aefb9a15623a5",1.775,1.795,0.15,"all",0.25
"25","(Treatment=='9MC2' & TP=='24.00') | (Treatment=='5MC2' & TP == '-0.45')","8215c539c392e8fc631e1d5cddeac7da",-2.15141325561881,0.995580502870787,1,"Bacteria","Bacteroidetes","Bacteroidia","Chitinophagales","Chitinophagaceae","uncultured","metagenome","8215c539c392e8fc631e1d5cddeac7da",1.775,1.795,0.15,"all",0.25
"26","(Treatment=='9MC2' & TP=='24.00') | (Treatment=='5MC2' & TP == '-0.45')","8b1b6b50ee8e9d52ac980948823b441f",0.534404559474379,0.267409777869112,1,"Bacteria","Bacteroidetes","Rhodothermia","Balneolales","Balneolaceae","uncultured bacterium","uncultured bacterium","8b1b6b50ee8e9d52ac980948823b441f",1.775,1.795,0.15,"all",0.25
"27","(Treatment=='9MC2' & TP=='24.00') | (Treatment=='5MC2' & TP == '-0.45')","79dd8858e8f7f68455b807ef496bbc24",-5.75958066769802,0.999238333617838,1,"Bacteria","Proteobacteria","Gammaproteobacteria","Betaproteobacteriales","Aquaspirillaceae","Rivicola","Ambiguous_taxa","79dd8858e8f7f68455b807ef496bbc24",1.775,1.795,0.15,"all",0.25
"28","(Treatment=='9MC2' & TP=='24.00') | (Treatment=='5MC2' & TP == '-0.45')","27af011f1ebcc0867bb168193e6a9d27",1.18051701082837,0.315494962091328,1,"Bacteria","Proteobacteria","Gammaproteobacteria","Betaproteobacteriales","Burkholderiaceae","","","27af011f1ebcc0867bb168193e6a9d27",1.775,1.795,0.15,"all",0.25
"29","(Treatment=='9MC2' & TP=='24.00') | (Treatment=='5MC2' & TP == '-0.45')","0ae5531a9802e71139c959faebdde10c",-1.1067405874076,0.982563020029393,1,"Bacteria","Proteobacteria","Alphaproteobacteria","Reyranellales","Reyranellaceae","Reyranella","","0ae5531a9802e71139c959faebdde10c",1.775,1.795,0.15,"all",0.25
"30","(Treatment=='9MC2' & TP=='24.00') | (Treatment=='5MC2' & TP == '-0.45')","af27577de5edb10c09f7fc19b9ca45ca",-0.279703044048987,0.564564299273059,1,"Bacteria","Proteobacteria","Alphaproteobacteria","Rhodobacterales","Rhodobacteraceae","Pseudorhodobacter","","af27577de5edb10c09f7fc19b9ca45ca",1.778,1.801,0.15,"all",0.25
"31","(Treatment=='9MC2' & TP=='24.00') | (Treatment=='5MC2' & TP == '-0.45')","3fa2974b1f70109275811beb1ae321c9",1.92560216620355,5.28313304194198e-07,1.18630351032697e-05,"Bacteria","Proteobacteria","Alphaproteobacteria","Rhizobiales","Xanthobacteraceae","Pseudoxanthobacter","Ambiguous_taxa","3fa2974b1f70109275811beb1ae321c9",1.778,1.801,0.15,"all",0.25
"32","(Treatment=='9MC2' & TP=='24.00') | (Treatment=='5MC2' & TP == '-0.45')","cf3381318906e1e08f58bca905636dc0",1.09267212141119,1.42875266883324e-07,3.5290190920181e-06,"Bacteria","Proteobacteria","Alphaproteobacteria","Rhizobiales","Rhizobiaceae","Allorhizobium-Neorhizobium-Pararhizobium-Rhizobium","","cf3381318906e1e08f58bca905636dc0",1.778,1.801,0.15,"all",0.25
"33","(Treatment=='9MC2' & TP=='24.00') | (Treatment=='5MC2' & TP == '-0.45')","3e5cc4006667756b128e551a166d5861",1.2529475240599,0.0215951458839294,0.133350025833264,"Bacteria","Proteobacteria","Gammaproteobacteria","Oceanospirillales","Saccharospirillaceae","Oceanobacter","","3e5cc4006667756b128e551a166d5861",1.778,1.801,0.15,"all",0.25
"34","(Treatment=='9MC2' & TP=='24.00') | (Treatment=='5MC2' & TP == '-0.45')","d295b9a63b6148b9f4663819da1c914b",-1.99318306302469,0.999999999990605,1,"Bacteria","Proteobacteria","Gammaproteobacteria","Betaproteobacteriales","Burkholderiaceae","Curvibacter","","d295b9a63b6148b9f4663819da1c914b",1.778,1.801,0.15,"all",0.25
"35","(Treatment=='9MC2' & TP=='24.00') | (Treatment=='5MC2' & TP == '-0.45')","1083eb67a7140dca982f34e3968117a3",0.886001380298283,0.265535571533421,1,"Bacteria","Proteobacteria","Alphaproteobacteria","Rhodospirillales","Magnetospirillaceae","Magnetospirillum","","1083eb67a7140dca982f34e3968117a3",1.785,1.807,0.15,"all",0.25
"36","(Treatment=='9MC2' & TP=='24.00') | (Treatment=='5MC2' & TP == '-0.45')","80cf3671dca96255c21479ca4af3ca12",3.21481235439773,0.181090516668194,0.771195820983514,"Bacteria","Epsilonbacteraeota","Campylobacteria","Nautiliales","Nautiliaceae","Caminibacter","","80cf3671dca96255c21479ca4af3ca12",1.785,1.807,0.15,"all",0.25
"37","(Treatment=='9MC2' & TP=='24.00') | (Treatment=='5MC2' & TP == '-0.45')","84ea3564fd34c5377c4305b340f0c16f",2.33702556234,0.259776257148363,1,"Bacteria","Proteobacteria","Alphaproteobacteria","SAR11 clade","Clade III","","","84ea3564fd34c5377c4305b340f0c16f",1.785,1.807,0.15,"all",0.25
"38","(Treatment=='9MC2' & TP=='24.00') | (Treatment=='5MC2' & TP == '-0.45')","a6db2d87f1e7a32216e5041a1920f12e",2.1152062234124,2.7592700394799e-09,9.73628142502194e-08,"Bacteria","Proteobacteria","Deltaproteobacteria","Myxococcales","Nannocystaceae","Nannocystis","Nannocystis sp.","a6db2d87f1e7a32216e5041a1920f12e",1.785,1.807,0.15,"all",0.25
"39","(Treatment=='9MC2' & TP=='24.00') | (Treatment=='5MC2' & TP == '-0.45')","21d05aac8070d05f493325ca352fde48",0.992290939854465,0.415939313264357,1,"Bacteria","Bacteroidetes","Bacteroidia","Flavobacteriales","Crocinitomicaceae","Fluviicola","Fluviicola sp. YS 1.2.4","21d05aac8070d05f493325ca352fde48",1.785,1.807,0.15,"all",0.25
"40","(Treatment=='9MC2' & TP=='24.00') | (Treatment=='5MC2' & TP == '-0.45')","a7d9ac24cf597a17e98e400931d90089",-1.97375363989496,0.996922582146693,1,"Bacteria","Proteobacteria","Gammaproteobacteria","Pseudomonadales","Moraxellaceae","Alkanindiges","","a7d9ac24cf597a17e98e400931d90089",1.785,1.807,0.15,"all",0.25
"41","(Treatment=='9MC2' & TP=='24.00') | (Treatment=='5MC2' & TP == '-0.45')","efbe1f58b1e2984ddc53a64f047d94ff",2.57733500818614,2.24649502367212e-12,1.38721067711753e-10,"Bacteria","Proteobacteria","Gammaproteobacteria","Betaproteobacteriales","Burkholderiaceae","Janthinobacterium","","efbe1f58b1e2984ddc53a64f047d94ff",1.785,1.807,0.15,"all",0.25
"42","(Treatment=='9MC2' & TP=='24.00') | (Treatment=='5MC2' & TP == '-0.45')","4e6488dfc93f2eefe477c4511d0e8a49",-0.224565932325383,0.554968914007988,1,"Bacteria","Proteobacteria","Gammaproteobacteria","Betaproteobacteriales","Burkholderiaceae","Hydrogenophaga","","4e6488dfc93f2eefe477c4511d0e8a49",1.785,1.807,0.15,"all",0.25
"43","(Treatment=='9MC2' & TP=='24.00') | (Treatment=='5MC2' & TP == '-0.45')","5ed8f8f3a98e669d81b30c56825e0870",1.69501082335409,3.45476778959592e-05,0.000509163477491767,"Bacteria","Verrucomicrobia","Verrucomicrobiae","Opitutales","Opitutaceae","Diplosphaera","uncultured Desulfococcus sp.","5ed8f8f3a98e669d81b30c56825e0870",1.785,1.807,0.15,"all",0.25
"44","(Treatment=='9MC2' & TP=='24.00') | (Treatment=='5MC2' & TP == '-0.45')","801efb14d6457f799fd2becee6d07b72",1.60707863119798,0.0355931150701209,0.209321414817139,"Bacteria","Proteobacteria","Alphaproteobacteria","Rhodospirillales","Terasakiellaceae","uncultured","","801efb14d6457f799fd2becee6d07b72",1.795,1.813,0.15,"all",0.25
"45","(Treatment=='9MC2' & TP=='24.00') | (Treatment=='5MC2' & TP == '-0.45')","9e26dc7c6642e4bf724f8d376d56a973",-0.381453206131142,0.74228978911433,1,"Bacteria","Proteobacteria","Alphaproteobacteria","","","","","9e26dc7c6642e4bf724f8d376d56a973",1.795,1.813,0.15,"all",0.25
"46","(Treatment=='9MC2' & TP=='24.00') | (Treatment=='5MC2' & TP == '-0.45')","748289d833e671b4848c77b9443c2034",0.93150242565268,0.204808642760155,0.83168241075977,"Bacteria","Proteobacteria","Alphaproteobacteria","Rickettsiales","Rickettsiaceae","uncultured","","748289d833e671b4848c77b9443c2034",1.795,1.813,0.15,"all",0.25
"47","(Treatment=='9MC2' & TP=='24.00') | (Treatment=='5MC2' & TP == '-0.45')","f1e34308d952529287ada31976faec95",1.41746781043935,0.176215402904563,0.771195820983514,"Bacteria","Bacteroidetes","Bacteroidia","Cytophagales","Microscillaceae","OLB12","","f1e34308d952529287ada31976faec95",1.795,1.813,0.15,"all",0.25
"48","(Treatment=='9MC2' & TP=='24.00') | (Treatment=='5MC2' & TP == '-0.45')","07eb166d091e1aebe641105881f4f2d3",0.0650493231417529,0.685052462648589,1,"Bacteria","Proteobacteria","Gammaproteobacteria","Betaproteobacteriales","Rhodocyclaceae","Zoogloea","","07eb166d091e1aebe641105881f4f2d3",1.795,1.813,0.15,"all",0.25
"49","(Treatment=='9MC2' & TP=='24.00') | (Treatment=='5MC2' & TP == '-0.45')","acc9603a819dc23a606ac6c1b9105b6d",2.46638600572948,1.51433123670076e-05,0.000287722934973144,"Bacteria","Proteobacteria","Gammaproteobacteria","Betaproteobacteriales","Rhodocyclaceae","","","acc9603a819dc23a606ac6c1b9105b6d",1.795,1.813,0.15,"all",0.25
"50","(Treatment=='9MC2' & TP=='24.00') | (Treatment=='5MC2' & TP == '-0.45')","e416d0916760d2fc17b616e2ac3ad855",0.690319818526889,0.117053944514235,0.556006236442617,"Bacteria","Proteobacteria","Gammaproteobacteria","Betaproteobacteriales","Methylophilaceae","Methylotenera","","e416d0916760d2fc17b616e2ac3ad855",1.795,1.813,0.15,"all",0.25
"51","(Treatment=='9MC2' & TP=='24.00') | (Treatment=='5MC2' & TP == '-0.45')","eb79af3a1a9aa989f04b9161f7cfbcd5",6.30193900939793,0.0387185540935561,0.222406578165311,"Bacteria","Proteobacteria","Gammaproteobacteria","Betaproteobacteriales","Rhodocyclaceae","Methyloversatilis","","eb79af3a1a9aa989f04b9161f7cfbcd5",1.795,1.813,0.15,"all",0.25
"52","(Treatment=='9MC2' & TP=='24.00') | (Treatment=='5MC2' & TP == '-0.45')","e657907312415da47ee5d5a4796a675a",-0.806665602775776,0.649316129645939,1,"Bacteria","Proteobacteria","Deltaproteobacteria","Bdellovibrionales","Bdellovibrionaceae","Bdellovibrio","uncultured bacterium","e657907312415da47ee5d5a4796a675a",1.795,1.813,0.15,"all",0.25
"53","(Treatment=='11MC2' & TP=='48.00') | (Treatment=='5MC2' & TP == '-0.45')","529768d439b63fc1fd2991f7c6ea2071",-1.56662122128259,0.999832080101968,1,"Bacteria","","","","","","","529768d439b63fc1fd2991f7c6ea2071",1.768,1.785,0.1,"all",0.25
"54","(Treatment=='11MC2' & TP=='48.00') | (Treatment=='5MC2' & TP == '-0.45')","520c7e89d0c7c72e7d85eed29aaedb70",-0.741712462442561,0.964821144501223,1,"Bacteria","Planctomycetes","OM190","uncultured bacterium","uncultured bacterium","uncultured bacterium","uncultured bacterium","520c7e89d0c7c72e7d85eed29aaedb70",1.768,1.785,0.1,"all",0.25
"55","(Treatment=='11MC2' & TP=='48.00') | (Treatment=='5MC2' & TP == '-0.45')","6310bd545c25bc818bce75d76bc259a1",1.7505653674,0.354390239020007,1,"Bacteria","Proteobacteria","Alphaproteobacteria","Paracaedibacterales","Paracaedibacteraceae","uncultured","metagenome","6310bd545c25bc818bce75d76bc259a1",1.768,1.785,0.1,"all",0.25
"56","(Treatment=='11MC2' & TP=='48.00') | (Treatment=='5MC2' & TP == '-0.45')","1583d8af9fd9cb078f88c0e1a8b8a888",0.181114528218259,0.650446701661743,1,"Bacteria","Proteobacteria","Alphaproteobacteria","Rhizobiales","Xanthobacteraceae","Ancylobacter","Ambiguous_taxa","1583d8af9fd9cb078f88c0e1a8b8a888",1.768,1.785,0.1,"all",0.25
"57","(Treatment=='11MC2' & TP=='48.00') | (Treatment=='5MC2' & TP == '-0.45')","9e26dc7c6642e4bf724f8d376d56a973",-0.917033115469796,0.999877922653614,1,"Bacteria","Proteobacteria","Alphaproteobacteria","","","","","9e26dc7c6642e4bf724f8d376d56a973",1.768,1.785,0.1,"all",0.25
"58","(Treatment=='11MC2' & TP=='48.00') | (Treatment=='5MC2' & TP == '-0.45')","b75e2ef0e905fa22619b60098e918ee3",1.4480509620518,0.170742227190307,0.707360655502703,"Bacteria","Proteobacteria","Alphaproteobacteria","Rhodospirillales","Magnetospirillaceae","Magnetospirillum","","b75e2ef0e905fa22619b60098e918ee3",1.768,1.785,0.1,"all",0.25
"59","(Treatment=='11MC2' & TP=='48.00') | (Treatment=='5MC2' & TP == '-0.45')","936f76885e2ff79dde9adf042e7d4617",0.885492201003135,0.267746092317276,1,"Bacteria","Proteobacteria","Alphaproteobacteria","Rhodospirillales","Magnetospirillaceae","Magnetospirillum","","936f76885e2ff79dde9adf042e7d4617",1.768,1.785,0.1,"all",0.25
"60","(Treatment=='11MC2' & TP=='48.00') | (Treatment=='5MC2' & TP == '-0.45')","1083eb67a7140dca982f34e3968117a3",0.29985977985876,0.442649652255435,1,"Bacteria","Proteobacteria","Alphaproteobacteria","Rhodospirillales","Magnetospirillaceae","Magnetospirillum","","1083eb67a7140dca982f34e3968117a3",1.768,1.785,0.1,"all",0.25
"61","(Treatment=='11MC2' & TP=='48.00') | (Treatment=='5MC2' & TP == '-0.45')","d94c20c00db235bb6fccc68f06f100c7",2.44178722192355,0.00668716803998927,0.0425695331326146,"Bacteria","Proteobacteria","Alphaproteobacteria","Rhodospirillales","Magnetospirillaceae","Magnetospirillum","","d94c20c00db235bb6fccc68f06f100c7",1.768,1.785,0.1,"all",0.25
"62","(Treatment=='11MC2' & TP=='48.00') | (Treatment=='5MC2' & TP == '-0.45')","740d9b2ea5713119fec5849936b9128b",0.375331053428143,0.332379648210617,1,"Bacteria","Proteobacteria","Alphaproteobacteria","Sneathiellales","Sneathiellaceae","Ferrovibrio","Ambiguous_taxa","740d9b2ea5713119fec5849936b9128b",1.768,1.785,0.1,"all",0.25
"63","(Treatment=='11MC2' & TP=='48.00') | (Treatment=='5MC2' & TP == '-0.45')","8215c539c392e8fc631e1d5cddeac7da",-3.0358707892439,0.999747263810362,1,"Bacteria","Bacteroidetes","Bacteroidia","Chitinophagales","Chitinophagaceae","uncultured","metagenome","8215c539c392e8fc631e1d5cddeac7da",1.768,1.785,0.1,"all",0.25
"64","(Treatment=='11MC2' & TP=='48.00') | (Treatment=='5MC2' & TP == '-0.45')","63413adbe8227f80412e824dffac1f5a",-0.0139457086505088,0.927903350051533,1,"Bacteria","Bacteroidetes","Bacteroidia","Sphingobacteriales","NS11-12 marine group","uncultured bacterium","uncultured bacterium","63413adbe8227f80412e824dffac1f5a",1.768,1.785,0.1,"all",0.25
"65","(Treatment=='11MC2' & TP=='48.00') | (Treatment=='5MC2' & TP == '-0.45')","3e5cc4006667756b128e551a166d5861",-0.775990361445404,0.941091359718083,1,"Bacteria","Proteobacteria","Gammaproteobacteria","Oceanospirillales","Saccharospirillaceae","Oceanobacter","","3e5cc4006667756b128e551a166d5861",1.768,1.785,0.1,"all",0.25
"66","(Treatment=='11MC2' & TP=='48.00') | (Treatment=='5MC2' & TP == '-0.45')","a7d9ac24cf597a17e98e400931d90089",-0.452304850667325,0.729235971768556,1,"Bacteria","Proteobacteria","Gammaproteobacteria","Pseudomonadales","Moraxellaceae","Alkanindiges","","a7d9ac24cf597a17e98e400931d90089",1.768,1.785,0.1,"all",0.25
"67","(Treatment=='11MC2' & TP=='48.00') | (Treatment=='5MC2' & TP == '-0.45')","83c246c4ed456dea2a15d054f16009b3",5.31723347020316,2.25770647719357e-54,5.89261390547523e-52,"Bacteria","Proteobacteria","Gammaproteobacteria","Betaproteobacteriales","Rhodocyclaceae","Zoogloea","","83c246c4ed456dea2a15d054f16009b3",1.768,1.785,0.1,"all",0.25
"68","(Treatment=='11MC2' & TP=='48.00') | (Treatment=='5MC2' & TP == '-0.45')","07eb166d091e1aebe641105881f4f2d3",0.380139413403295,0.311212258174934,1,"Bacteria","Proteobacteria","Gammaproteobacteria","Betaproteobacteriales","Rhodocyclaceae","Zoogloea","","07eb166d091e1aebe641105881f4f2d3",1.768,1.785,0.1,"all",0.25
"69","(Treatment=='11MC2' & TP=='48.00') | (Treatment=='5MC2' & TP == '-0.45')","7af6ae689696e9ea838fbb88ee9afb78",4.21666634066501,0.000864464260070794,0.00663603446701404,"Bacteria","Proteobacteria","Gammaproteobacteria","Betaproteobacteriales","Rhodocyclaceae","Dechloromonas","","7af6ae689696e9ea838fbb88ee9afb78",1.768,1.785,0.1,"all",0.25
"70","(Treatment=='11MC2' & TP=='48.00') | (Treatment=='5MC2' & TP == '-0.45')","acc9603a819dc23a606ac6c1b9105b6d",2.87403562853982,2.42794685015598e-20,7.92117659863388e-19,"Bacteria","Proteobacteria","Gammaproteobacteria","Betaproteobacteriales","Rhodocyclaceae","","","acc9603a819dc23a606ac6c1b9105b6d",1.768,1.785,0.1,"all",0.25
"71","(Treatment=='11MC2' & TP=='48.00') | (Treatment=='5MC2' & TP == '-0.45')","e416d0916760d2fc17b616e2ac3ad855",0.374720153555422,0.333930081452967,1,"Bacteria","Proteobacteria","Gammaproteobacteria","Betaproteobacteriales","Methylophilaceae","Methylotenera","","e416d0916760d2fc17b616e2ac3ad855",1.768,1.785,0.1,"all",0.25
"72","(Treatment=='11MC2' & TP=='48.00') | (Treatment=='5MC2' & TP == '-0.45')","1e104b993416995498346089f57fd3bf",-0.582006791529134,0.996982300091093,1,"Bacteria","Proteobacteria","Gammaproteobacteria","Betaproteobacteriales","Methylophilaceae","Methylophilus","","1e104b993416995498346089f57fd3bf",1.768,1.785,0.1,"all",0.25
"73","(Treatment=='11MC2' & TP=='48.00') | (Treatment=='5MC2' & TP == '-0.45')","137dc661fa672b506fd805198510edf9",-1.74896172371027,0.999993223717222,1,"Bacteria","Proteobacteria","Gammaproteobacteria","Betaproteobacteriales","Burkholderiaceae","Ampullimonas","Ambiguous_taxa","137dc661fa672b506fd805198510edf9",1.768,1.785,0.1,"all",0.25
"74","(Treatment=='11MC2' & TP=='48.00') | (Treatment=='5MC2' & TP == '-0.45')","aee83626bf99f96165a5c90cc9511595",0.114893322072253,0.515586705254909,1,"Bacteria","Proteobacteria","Gammaproteobacteria","Betaproteobacteriales","Burkholderiaceae","","","aee83626bf99f96165a5c90cc9511595",1.768,1.785,0.1,"all",0.25
"75","(Treatment=='11MC2' & TP=='48.00') | (Treatment=='5MC2' & TP == '-0.45')","9c54c522a386d5ed75686001dae803d9",-0.649898347660363,0.984907886297095,1,"Bacteria","Proteobacteria","Gammaproteobacteria","Betaproteobacteriales","Burkholderiaceae","","","9c54c522a386d5ed75686001dae803d9",1.768,1.785,0.1,"all",0.25
"76","(Treatment=='11MC2' & TP=='48.00') | (Treatment=='5MC2' & TP == '-0.45')","c1d9eada909d2d5dbe078f25f1038508",1.00063757959212,0.100729642487849,0.45328339119532,"Bacteria","Proteobacteria","Gammaproteobacteria","Betaproteobacteriales","Burkholderiaceae","Aquabacterium","","c1d9eada909d2d5dbe078f25f1038508",1.768,1.785,0.1,"all",0.25
"77","(Treatment=='11MC2' & TP=='48.00') | (Treatment=='5MC2' & TP == '-0.45')","d295b9a63b6148b9f4663819da1c914b",-8.05940582244743,0.999999428694346,1,"Bacteria","Proteobacteria","Gammaproteobacteria","Betaproteobacteriales","Burkholderiaceae","Curvibacter","","d295b9a63b6148b9f4663819da1c914b",1.768,1.785,0.1,"all",0.25
"78","(Treatment=='11MC2' & TP=='48.00') | (Treatment=='5MC2' & TP == '-0.45')","7ebbb1e6f79a2910951c191a4bf1df66",-0.778817507430678,0.993666588851924,1,"Bacteria","Proteobacteria","Gammaproteobacteria","Betaproteobacteriales","Rhodocyclaceae","Methyloversatilis","","7ebbb1e6f79a2910951c191a4bf1df66",1.768,1.785,0.1,"all",0.25
"79","(Treatment=='11MC2' & TP=='48.00') | (Treatment=='5MC2' & TP == '-0.45')","29b2870e522fa2d0b60ae25278a57c5b",-1.84215723883815,0.999885654128306,1,"Bacteria","Proteobacteria","Gammaproteobacteria","Betaproteobacteriales","","","","29b2870e522fa2d0b60ae25278a57c5b",1.768,1.785,0.1,"all",0.25
"80","(Treatment=='11MC2' & TP=='48.00') | (Treatment=='5MC2' & TP == '-0.45')","e657907312415da47ee5d5a4796a675a",-0.811667254137687,0.831911487265667,1,"Bacteria","Proteobacteria","Deltaproteobacteria","Bdellovibrionales","Bdellovibrionaceae","Bdellovibrio","uncultured bacterium","e657907312415da47ee5d5a4796a675a",1.768,1.785,0.1,"all",0.25
"81","(Treatment=='11MC2' & TP=='48.00') | (Treatment=='5MC2' & TP == '-0.45')","0ae5531a9802e71139c959faebdde10c",-1.75528601064226,0.98044619854548,1,"Bacteria","Proteobacteria","Alphaproteobacteria","Reyranellales","Reyranellaceae","Reyranella","","0ae5531a9802e71139c959faebdde10c",1.768,1.785,0.1,"all",0.25
"82","(Treatment=='11MC2' & TP=='48.00') | (Treatment=='5MC2' & TP == '-0.45')","5c21f017407dbb74aea300b42e85dd30",2.6655282088455,0.0469628801897776,0.25014921897004,"Bacteria","Verrucomicrobia","Verrucomicrobiae","Opitutales","Opitutaceae","Opitutus","uncultured Verrucomicrobia bacterium","5c21f017407dbb74aea300b42e85dd30",1.768,1.785,0.1,"all",0.25
"83","(Treatment=='11MC2' & TP=='48.00') | (Treatment=='5MC2' & TP == '-0.45')","af27577de5edb10c09f7fc19b9ca45ca",-4.44404037526807,0.916305278326402,1,"Bacteria","Proteobacteria","Alphaproteobacteria","Rhodobacterales","Rhodobacteraceae","Pseudorhodobacter","","af27577de5edb10c09f7fc19b9ca45ca",1.775,1.795,0.1,"all",0.25
"84","(Treatment=='11MC2' & TP=='48.00') | (Treatment=='5MC2' & TP == '-0.45')","9d5fa8335722caf15c7501355831afdd",5.33049090922205,0.00983460334217903,0.0607073723513756,"Bacteria","Proteobacteria","Alphaproteobacteria","Rickettsiales","Rickettsiaceae","uncultured","uncultured bacterium","9d5fa8335722caf15c7501355831afdd",1.775,1.795,0.1,"all",0.25
"85","(Treatment=='11MC2' & TP=='48.00') | (Treatment=='5MC2' & TP == '-0.45')","27af011f1ebcc0867bb168193e6a9d27",2.02331051246649,0.0781198820555176,0.399789984637061,"Bacteria","Proteobacteria","Gammaproteobacteria","Betaproteobacteriales","Burkholderiaceae","","","27af011f1ebcc0867bb168193e6a9d27",1.775,1.795,0.1,"all",0.25
"86","(Treatment=='11MC2' & TP=='48.00') | (Treatment=='5MC2' & TP == '-0.45')","65a75a16ddf0882daec9e72eea3aa180",-0.0170657911096917,0.630919886007606,1,"Bacteria","Proteobacteria","Gammaproteobacteria","Salinisphaerales","Solimonadaceae","Nevskia","","65a75a16ddf0882daec9e72eea3aa180",1.775,1.795,0.1,"all",0.25
"87","(Treatment=='11MC2' & TP=='48.00') | (Treatment=='5MC2' & TP == '-0.45')","98f53519513214e968c569829a1471bb",1.38684465233895,0.000372814865234807,0.00301717126102345,"Bacteria","Proteobacteria","Alphaproteobacteria","Rhizobiales","Rhizobiaceae","Allorhizobium-Neorhizobium-Pararhizobium-Rhizobium","","98f53519513214e968c569829a1471bb",1.778,1.801,0.1,"all",0.25
"88","(Treatment=='11MC2' & TP=='48.00') | (Treatment=='5MC2' & TP == '-0.45')","ca2b23c1b70c9034ea6412255f88eb7f",-5.09260044381647,0.999999945306166,1,"Bacteria","Proteobacteria","Deltaproteobacteria","Bdellovibrionales","Bacteriovoracaceae","Bacteriovorax","Ambiguous_taxa","ca2b23c1b70c9034ea6412255f88eb7f",1.778,1.801,0.1,"all",0.25
"89","(Treatment=='11MC2' & TP=='48.00') | (Treatment=='5MC2' & TP == '-0.45')","29f3083d2d8f993bec5a67e7af219321",1.32996969325402,0.217163836417838,0.858784262197815,"Bacteria","Verrucomicrobia","Verrucomicrobiae","Opitutales","Opitutaceae","Lacunisphaera","","29f3083d2d8f993bec5a67e7af219321",1.778,1.801,0.1,"all",0.25
"90","(Treatment=='11MC2' & TP=='48.00') | (Treatment=='5MC2' & TP == '-0.45')","5ed8f8f3a98e669d81b30c56825e0870",2.1452437929541,2.09840243379215e-07,3.22166491305736e-06,"Bacteria","Verrucomicrobia","Verrucomicrobiae","Opitutales","Opitutaceae","Diplosphaera","uncultured Desulfococcus sp.","5ed8f8f3a98e669d81b30c56825e0870",1.778,1.801,0.1,"all",0.25
"91","(Treatment=='11MC2' & TP=='48.00') | (Treatment=='5MC2' & TP == '-0.45')","84ea3564fd34c5377c4305b340f0c16f",-4.05869799205284,0.878950535476216,1,"Bacteria","Proteobacteria","Alphaproteobacteria","SAR11 clade","Clade III","","","84ea3564fd34c5377c4305b340f0c16f",1.785,1.807,0.1,"all",0.25
"92","(Treatment=='11MC2' & TP=='48.00') | (Treatment=='5MC2' & TP == '-0.45')","fb2dab56bf8047ade734c2fceccb49e4",-2.5395090341238,0.774963323131886,1,"Bacteria","Proteobacteria","Alphaproteobacteria","SAR11 clade","Clade III","","","fb2dab56bf8047ade734c2fceccb49e4",1.785,1.807,0.1,"all",0.25
"93","(Treatment=='11MC2' & TP=='48.00') | (Treatment=='5MC2' & TP == '-0.45')","a6db2d87f1e7a32216e5041a1920f12e",2.93767671831227,7.589167310939e-21,2.82967524022154e-19,"Bacteria","Proteobacteria","Deltaproteobacteria","Myxococcales","Nannocystaceae","Nannocystis","Nannocystis sp.","a6db2d87f1e7a32216e5041a1920f12e",1.785,1.807,0.1,"all",0.25
"94","(Treatment=='11MC2' & TP=='48.00') | (Treatment=='5MC2' & TP == '-0.45')","21d05aac8070d05f493325ca352fde48",0.188084924459745,0.506539881621177,1,"Bacteria","Bacteroidetes","Bacteroidia","Flavobacteriales","Crocinitomicaceae","Fluviicola","Fluviicola sp. YS 1.2.4","21d05aac8070d05f493325ca352fde48",1.785,1.807,0.1,"all",0.25
"95","(Treatment=='11MC2' & TP=='48.00') | (Treatment=='5MC2' & TP == '-0.45')","0606870e7caf9d39f42f23dff84c6190",-0.218755464984788,0.549700629072251,1,"Bacteria","Proteobacteria","Gammaproteobacteria","Oceanospirillales","Halomonadaceae","Halomonas","","0606870e7caf9d39f42f23dff84c6190",1.785,1.807,0.1,"all",0.25
"96","(Treatment=='11MC2' & TP=='48.00') | (Treatment=='5MC2' & TP == '-0.45')","79dd8858e8f7f68455b807ef496bbc24",-6.70210000375147,0.999999990524815,1,"Bacteria","Proteobacteria","Gammaproteobacteria","Betaproteobacteriales","Aquaspirillaceae","Rivicola","Ambiguous_taxa","79dd8858e8f7f68455b807ef496bbc24",1.785,1.807,0.1,"all",0.25
"97","(Treatment=='11MC2' & TP=='48.00') | (Treatment=='5MC2' & TP == '-0.45')","3fa2974b1f70109275811beb1ae321c9",2.80979849060114,3.97454436509349e-13,1.15261786587711e-11,"Bacteria","Proteobacteria","Alphaproteobacteria","Rhizobiales","Xanthobacteraceae","Pseudoxanthobacter","Ambiguous_taxa","3fa2974b1f70109275811beb1ae321c9",1.795,1.813,0.1,"all",0.25
"98","(Treatment=='11MC2' & TP=='48.00') | (Treatment=='5MC2' & TP == '-0.45')","cf3381318906e1e08f58bca905636dc0",1.82555754918293,9.32808888914047e-06,0.000101442966669403,"Bacteria","Proteobacteria","Alphaproteobacteria","Rhizobiales","Rhizobiaceae","Allorhizobium-Neorhizobium-Pararhizobium-Rhizobium","","cf3381318906e1e08f58bca905636dc0",1.795,1.813,0.1,"all",0.25
"99","(Treatment=='11MC2' & TP=='48.00') | (Treatment=='5MC2' & TP == '-0.45')","d5c62883f6e56836e55aefb9a15623a5",-0.359902319610552,0.881588498033678,1,"Bacteria","Proteobacteria","Alphaproteobacteria","Elsterales","Elsteraceae","Elstera","Ambiguous_taxa","d5c62883f6e56836e55aefb9a15623a5",1.795,1.813,0.1,"all",0.25
"100","(Treatment=='11MC2' & TP=='48.00') | (Treatment=='5MC2' & TP == '-0.45')","801efb14d6457f799fd2becee6d07b72",3.07282216465961,0.000381481423807562,0.00301717126102345,"Bacteria","Proteobacteria","Alphaproteobacteria","Rhodospirillales","Terasakiellaceae","uncultured","","801efb14d6457f799fd2becee6d07b72",1.795,1.813,0.1,"all",0.25
"101","(Treatment=='11MC2' & TP=='48.00') | (Treatment=='5MC2' & TP == '-0.45')","748289d833e671b4848c77b9443c2034",0.729214616249002,0.313641626960794,1,"Bacteria","Proteobacteria","Alphaproteobacteria","Rickettsiales","Rickettsiaceae","uncultured","","748289d833e671b4848c77b9443c2034",1.795,1.813,0.1,"all",0.25
"102","(Treatment=='11MC2' & TP=='48.00') | (Treatment=='5MC2' & TP == '-0.45')","f1e34308d952529287ada31976faec95",1.41574805816597,0.234193476798267,0.898889668299232,"Bacteria","Bacteroidetes","Bacteroidia","Cytophagales","Microscillaceae","OLB12","","f1e34308d952529287ada31976faec95",1.795,1.813,0.1,"all",0.25
"103","(Treatment=='11MC2' & TP=='48.00') | (Treatment=='5MC2' & TP == '-0.45')","8b1b6b50ee8e9d52ac980948823b441f",1.21424472926322,0.268303924522504,1,"Bacteria","Bacteroidetes","Rhodothermia","Balneolales","Balneolaceae","uncultured bacterium","uncultured bacterium","8b1b6b50ee8e9d52ac980948823b441f",1.795,1.813,0.1,"all",0.25
"104","(Treatment=='11MC2' & TP=='48.00') | (Treatment=='5MC2' & TP == '-0.45')","efbe1f58b1e2984ddc53a64f047d94ff",2.24650962070779,2.92681217360059e-37,3.81948988654877e-35,"Bacteria","Proteobacteria","Gammaproteobacteria","Betaproteobacteriales","Burkholderiaceae","Janthinobacterium","","efbe1f58b1e2984ddc53a64f047d94ff",1.795,1.813,0.1,"all",0.25
"105","(Treatment=='11MC2' & TP=='48.00') | (Treatment=='5MC2' & TP == '-0.45')","87a918f2af94ff451dd1f9ada0c46ecb",-3.29374083922641,0.799991199146428,1,"Bacteria","Proteobacteria","Gammaproteobacteria","Betaproteobacteriales","Rhodocyclaceae","Methyloversatilis","","87a918f2af94ff451dd1f9ada0c46ecb",1.795,1.813,0.1,"all",0.25
"106","(Treatment=='11MC2' & TP=='48.00') | (Treatment=='5MC2' & TP == '-0.45')","ae88f77525a7096df7c0d9c6ede9f846",-3.94649885723106,0.840621637423726,1,"Bacteria","Verrucomicrobia","Verrucomicrobiae","Verrucomicrobiales","Verrucomicrobiaceae","Prosthecobacter","","ae88f77525a7096df7c0d9c6ede9f846",1.795,1.813,0.1,"all",0.25
"107","(Treatment=='12MC2' & TP=='72.00') | (Treatment=='5MC2' & TP == '-0.45')","529768d439b63fc1fd2991f7c6ea2071",-1.60798188273903,0.989821016795488,1,"Bacteria","","","","","","","529768d439b63fc1fd2991f7c6ea2071",1.768,1.785,0.1,"all",0.25
"108","(Treatment=='12MC2' & TP=='72.00') | (Treatment=='5MC2' & TP == '-0.45')","520c7e89d0c7c72e7d85eed29aaedb70",-1.86215584751727,0.968373940110721,1,"Bacteria","Planctomycetes","OM190","uncultured bacterium","uncultured bacterium","uncultured bacterium","uncultured bacterium","520c7e89d0c7c72e7d85eed29aaedb70",1.768,1.785,0.1,"all",0.25
"109","(Treatment=='12MC2' & TP=='72.00') | (Treatment=='5MC2' & TP == '-0.45')","6310bd545c25bc818bce75d76bc259a1",4.65903082823446,0.110203355074207,0.448916608169932,"Bacteria","Proteobacteria","Alphaproteobacteria","Paracaedibacterales","Paracaedibacteraceae","uncultured","metagenome","6310bd545c25bc818bce75d76bc259a1",1.768,1.785,0.1,"all",0.25
"110","(Treatment=='12MC2' & TP=='72.00') | (Treatment=='5MC2' & TP == '-0.45')","1583d8af9fd9cb078f88c0e1a8b8a888",0.113421153981223,0.714369613071777,1,"Bacteria","Proteobacteria","Alphaproteobacteria","Rhizobiales","Xanthobacteraceae","Ancylobacter","Ambiguous_taxa","1583d8af9fd9cb078f88c0e1a8b8a888",1.768,1.785,0.1,"all",0.25
"111","(Treatment=='12MC2' & TP=='72.00') | (Treatment=='5MC2' & TP == '-0.45')","9e26dc7c6642e4bf724f8d376d56a973",-0.928658767264229,0.992794687785422,1,"Bacteria","Proteobacteria","Alphaproteobacteria","","","","","9e26dc7c6642e4bf724f8d376d56a973",1.768,1.785,0.1,"all",0.25
"112","(Treatment=='12MC2' & TP=='72.00') | (Treatment=='5MC2' & TP == '-0.45')","936f76885e2ff79dde9adf042e7d4617",0.264311606863465,0.495198354239159,1,"Bacteria","Proteobacteria","Alphaproteobacteria","Rhodospirillales","Magnetospirillaceae","Magnetospirillum","","936f76885e2ff79dde9adf042e7d4617",1.768,1.785,0.1,"all",0.25
"113","(Treatment=='12MC2' & TP=='72.00') | (Treatment=='5MC2' & TP == '-0.45')","1083eb67a7140dca982f34e3968117a3",-1.04817315041081,0.990975190588266,1,"Bacteria","Proteobacteria","Alphaproteobacteria","Rhodospirillales","Magnetospirillaceae","Magnetospirillum","","1083eb67a7140dca982f34e3968117a3",1.768,1.785,0.1,"all",0.25
"114","(Treatment=='12MC2' & TP=='72.00') | (Treatment=='5MC2' & TP == '-0.45')","d94c20c00db235bb6fccc68f06f100c7",0.897538155273954,0.288857301863447,0.975774056294815,"Bacteria","Proteobacteria","Alphaproteobacteria","Rhodospirillales","Magnetospirillaceae","Magnetospirillum","","d94c20c00db235bb6fccc68f06f100c7",1.768,1.785,0.1,"all",0.25
"115","(Treatment=='12MC2' & TP=='72.00') | (Treatment=='5MC2' & TP == '-0.45')","63413adbe8227f80412e824dffac1f5a",-0.838993575455249,0.999942536572554,1,"Bacteria","Bacteroidetes","Bacteroidia","Sphingobacteriales","NS11-12 marine group","uncultured bacterium","uncultured bacterium","63413adbe8227f80412e824dffac1f5a",1.768,1.785,0.1,"all",0.25
"116","(Treatment=='12MC2' & TP=='72.00') | (Treatment=='5MC2' & TP == '-0.45')","f1e34308d952529287ada31976faec95",1.2184249963266,0.0487359891532448,0.221233813090965,"Bacteria","Bacteroidetes","Bacteroidia","Cytophagales","Microscillaceae","OLB12","","f1e34308d952529287ada31976faec95",1.768,1.785,0.1,"all",0.25
"117","(Treatment=='12MC2' & TP=='72.00') | (Treatment=='5MC2' & TP == '-0.45')","8b1b6b50ee8e9d52ac980948823b441f",1.78912497905571,0.00629419306639709,0.037095563391319,"Bacteria","Bacteroidetes","Rhodothermia","Balneolales","Balneolaceae","uncultured bacterium","uncultured bacterium","8b1b6b50ee8e9d52ac980948823b441f",1.768,1.785,0.1,"all",0.25
"118","(Treatment=='12MC2' & TP=='72.00') | (Treatment=='5MC2' & TP == '-0.45')","3e5cc4006667756b128e551a166d5861",-0.283938657231759,0.737538336659054,1,"Bacteria","Proteobacteria","Gammaproteobacteria","Oceanospirillales","Saccharospirillaceae","Oceanobacter","","3e5cc4006667756b128e551a166d5861",1.768,1.785,0.1,"all",0.25
"119","(Treatment=='12MC2' & TP=='72.00') | (Treatment=='5MC2' & TP == '-0.45')","1e5252f7f059d825508ebf3880dffd92",1.61904209939994,0.367339426800301,1,"Bacteria","Proteobacteria","Gammaproteobacteria","Oceanospirillales","Halomonadaceae","Halomonas","","1e5252f7f059d825508ebf3880dffd92",1.768,1.785,0.1,"all",0.25
"120","(Treatment=='12MC2' & TP=='72.00') | (Treatment=='5MC2' & TP == '-0.45')","a7d9ac24cf597a17e98e400931d90089",-0.346737143714642,0.761606204958684,1,"Bacteria","Proteobacteria","Gammaproteobacteria","Pseudomonadales","Moraxellaceae","Alkanindiges","","a7d9ac24cf597a17e98e400931d90089",1.768,1.785,0.1,"all",0.25
"121","(Treatment=='12MC2' & TP=='72.00') | (Treatment=='5MC2' & TP == '-0.45')","83c246c4ed456dea2a15d054f16009b3",4.71277549232091,4.43640264718924e-38,6.1444176663571e-36,"Bacteria","Proteobacteria","Gammaproteobacteria","Betaproteobacteriales","Rhodocyclaceae","Zoogloea","","83c246c4ed456dea2a15d054f16009b3",1.768,1.785,0.1,"all",0.25
"122","(Treatment=='12MC2' & TP=='72.00') | (Treatment=='5MC2' & TP == '-0.45')","07eb166d091e1aebe641105881f4f2d3",-2.03282957402081,0.999999986614348,1,"Bacteria","Proteobacteria","Gammaproteobacteria","Betaproteobacteriales","Rhodocyclaceae","Zoogloea","","07eb166d091e1aebe641105881f4f2d3",1.768,1.785,0.1,"all",0.25
"123","(Treatment=='12MC2' & TP=='72.00') | (Treatment=='5MC2' & TP == '-0.45')","7af6ae689696e9ea838fbb88ee9afb78",4.44447616451782,0.000513069536327411,0.00418000769302038,"Bacteria","Proteobacteria","Gammaproteobacteria","Betaproteobacteriales","Rhodocyclaceae","Dechloromonas","","7af6ae689696e9ea838fbb88ee9afb78",1.768,1.785,0.1,"all",0.25
"124","(Treatment=='12MC2' & TP=='72.00') | (Treatment=='5MC2' & TP == '-0.45')","acc9603a819dc23a606ac6c1b9105b6d",3.35445266264313,1.0230778216763e-15,2.57629596913031e-14,"Bacteria","Proteobacteria","Gammaproteobacteria","Betaproteobacteriales","Rhodocyclaceae","","","acc9603a819dc23a606ac6c1b9105b6d",1.768,1.785,0.1,"all",0.25
"125","(Treatment=='12MC2' & TP=='72.00') | (Treatment=='5MC2' & TP == '-0.45')","e416d0916760d2fc17b616e2ac3ad855",-0.879991179497483,0.996121808980523,1,"Bacteria","Proteobacteria","Gammaproteobacteria","Betaproteobacteriales","Methylophilaceae","Methylotenera","","e416d0916760d2fc17b616e2ac3ad855",1.768,1.785,0.1,"all",0.25
"126","(Treatment=='12MC2' & TP=='72.00') | (Treatment=='5MC2' & TP == '-0.45')","1e104b993416995498346089f57fd3bf",0.508377587133411,0.285694410878628,0.975774056294815,"Bacteria","Proteobacteria","Gammaproteobacteria","Betaproteobacteriales","Methylophilaceae","Methylophilus","","1e104b993416995498346089f57fd3bf",1.768,1.785,0.1,"all",0.25
"127","(Treatment=='12MC2' & TP=='72.00') | (Treatment=='5MC2' & TP == '-0.45')","137dc661fa672b506fd805198510edf9",-5.50412458039252,0.999999974826366,1,"Bacteria","Proteobacteria","Gammaproteobacteria","Betaproteobacteriales","Burkholderiaceae","Ampullimonas","Ambiguous_taxa","137dc661fa672b506fd805198510edf9",1.768,1.785,0.1,"all",0.25
"128","(Treatment=='12MC2' & TP=='72.00') | (Treatment=='5MC2' & TP == '-0.45')","aee83626bf99f96165a5c90cc9511595",1.60373005879134,0.179078003943811,0.667045910009108,"Bacteria","Proteobacteria","Gammaproteobacteria","Betaproteobacteriales","Burkholderiaceae","","","aee83626bf99f96165a5c90cc9511595",1.768,1.785,0.1,"all",0.25
"129","(Treatment=='12MC2' & TP=='72.00') | (Treatment=='5MC2' & TP == '-0.45')","9c54c522a386d5ed75686001dae803d9",-1.24425578075047,0.998652154820742,1,"Bacteria","Proteobacteria","Gammaproteobacteria","Betaproteobacteriales","Burkholderiaceae","","","9c54c522a386d5ed75686001dae803d9",1.768,1.785,0.1,"all",0.25
"130","(Treatment=='12MC2' & TP=='72.00') | (Treatment=='5MC2' & TP == '-0.45')","c1d9eada909d2d5dbe078f25f1038508",2.70264112404826,0.000423056418171715,0.00355110993435046,"Bacteria","Proteobacteria","Gammaproteobacteria","Betaproteobacteriales","Burkholderiaceae","Aquabacterium","","c1d9eada909d2d5dbe078f25f1038508",1.768,1.785,0.1,"all",0.25
"131","(Treatment=='12MC2' & TP=='72.00') | (Treatment=='5MC2' & TP == '-0.45')","7ebbb1e6f79a2910951c191a4bf1df66",-1.04624794061306,0.869264967934186,1,"Bacteria","Proteobacteria","Gammaproteobacteria","Betaproteobacteriales","Rhodocyclaceae","Methyloversatilis","","7ebbb1e6f79a2910951c191a4bf1df66",1.768,1.785,0.1,"all",0.25
"132","(Treatment=='12MC2' & TP=='72.00') | (Treatment=='5MC2' & TP == '-0.45')","29b2870e522fa2d0b60ae25278a57c5b",-4.09116623551054,0.999993591600441,1,"Bacteria","Proteobacteria","Gammaproteobacteria","Betaproteobacteriales","","","","29b2870e522fa2d0b60ae25278a57c5b",1.768,1.785,0.1,"all",0.25
"133","(Treatment=='12MC2' & TP=='72.00') | (Treatment=='5MC2' & TP == '-0.45')","0ae5531a9802e71139c959faebdde10c",-1.95264797346078,0.970104493828096,1,"Bacteria","Proteobacteria","Alphaproteobacteria","Reyranellales","Reyranellaceae","Reyranella","","0ae5531a9802e71139c959faebdde10c",1.768,1.785,0.1,"all",0.25
"134","(Treatment=='12MC2' & TP=='72.00') | (Treatment=='5MC2' & TP == '-0.45')","29f3083d2d8f993bec5a67e7af219321",0.659208193266952,0.361751637907574,1,"Bacteria","Verrucomicrobia","Verrucomicrobiae","Opitutales","Opitutaceae","Lacunisphaera","","29f3083d2d8f993bec5a67e7af219321",1.768,1.785,0.1,"all",0.25
"135","(Treatment=='12MC2' & TP=='72.00') | (Treatment=='5MC2' & TP == '-0.45')","5c21f017407dbb74aea300b42e85dd30",2.69652078855472,0.0345693861295742,0.169112755019785,"Bacteria","Verrucomicrobia","Verrucomicrobiae","Opitutales","Opitutaceae","Opitutus","uncultured Verrucomicrobia bacterium","5c21f017407dbb74aea300b42e85dd30",1.768,1.785,0.1,"all",0.25
"136","(Treatment=='12MC2' & TP=='72.00') | (Treatment=='5MC2' & TP == '-0.45')","af27577de5edb10c09f7fc19b9ca45ca",-4.07048715243141,0.878877864764315,1,"Bacteria","Proteobacteria","Alphaproteobacteria","Rhodobacterales","Rhodobacteraceae","Pseudorhodobacter","","af27577de5edb10c09f7fc19b9ca45ca",1.775,1.795,0.1,"all",0.25
"137","(Treatment=='12MC2' & TP=='72.00') | (Treatment=='5MC2' & TP == '-0.45')","98f53519513214e968c569829a1471bb",1.48642608663175,0.0761375336830864,0.31665367073662,"Bacteria","Proteobacteria","Alphaproteobacteria","Rhizobiales","Rhizobiaceae","Allorhizobium-Neorhizobium-Pararhizobium-Rhizobium","","98f53519513214e968c569829a1471bb",1.775,1.795,0.1,"all",0.25
"138","(Treatment=='12MC2' & TP=='72.00') | (Treatment=='5MC2' & TP == '-0.45')","748289d833e671b4848c77b9443c2034",-0.242407564557805,0.910234202897982,1,"Bacteria","Proteobacteria","Alphaproteobacteria","Rickettsiales","Rickettsiaceae","uncultured","","748289d833e671b4848c77b9443c2034",1.775,1.795,0.1,"all",0.25
"139","(Treatment=='12MC2' & TP=='72.00') | (Treatment=='5MC2' & TP == '-0.45')","21d05aac8070d05f493325ca352fde48",4.43537393068359,0.127325704999847,0.503846004070824,"Bacteria","Bacteroidetes","Bacteroidia","Flavobacteriales","Crocinitomicaceae","Fluviicola","Fluviicola sp. YS 1.2.4","21d05aac8070d05f493325ca352fde48",1.775,1.795,0.1,"all",0.25
"140","(Treatment=='12MC2' & TP=='72.00') | (Treatment=='5MC2' & TP == '-0.45')","eb79af3a1a9aa989f04b9161f7cfbcd5",6.19963172083287,0.0512467975966268,0.2218025458479,"Bacteria","Proteobacteria","Gammaproteobacteria","Betaproteobacteriales","Rhodocyclaceae","Methyloversatilis","","eb79af3a1a9aa989f04b9161f7cfbcd5",1.775,1.795,0.1,"all",0.25
"141","(Treatment=='12MC2' & TP=='72.00') | (Treatment=='5MC2' & TP == '-0.45')","e657907312415da47ee5d5a4796a675a",-4.15176840978292,0.999776172966755,1,"Bacteria","Proteobacteria","Deltaproteobacteria","Bdellovibrionales","Bdellovibrionaceae","Bdellovibrio","uncultured bacterium","e657907312415da47ee5d5a4796a675a",1.775,1.795,0.1,"all",0.25
"142","(Treatment=='12MC2' & TP=='72.00') | (Treatment=='5MC2' & TP == '-0.45')","cf3381318906e1e08f58bca905636dc0",1.81095787284874,1.81196127360599e-38,5.0191327278886e-36,"Bacteria","Proteobacteria","Alphaproteobacteria","Rhizobiales","Rhizobiaceae","Allorhizobium-Neorhizobium-Pararhizobium-Rhizobium","","cf3381318906e1e08f58bca905636dc0",1.778,1.801,0.1,"all",0.25
"143","(Treatment=='12MC2' & TP=='72.00') | (Treatment=='5MC2' & TP == '-0.45')","740d9b2ea5713119fec5849936b9128b",0.184763021872344,0.60140858375758,1,"Bacteria","Proteobacteria","Alphaproteobacteria","Sneathiellales","Sneathiellaceae","Ferrovibrio","Ambiguous_taxa","740d9b2ea5713119fec5849936b9128b",1.778,1.801,0.1,"all",0.25
"144","(Treatment=='12MC2' & TP=='72.00') | (Treatment=='5MC2' & TP == '-0.45')","27af011f1ebcc0867bb168193e6a9d27",3.38649426556795,0.000809454095985559,0.00590049433126316,"Bacteria","Proteobacteria","Gammaproteobacteria","Betaproteobacteriales","Burkholderiaceae","","","27af011f1ebcc0867bb168193e6a9d27",1.778,1.801,0.1,"all",0.25
"145","(Treatment=='12MC2' & TP=='72.00') | (Treatment=='5MC2' & TP == '-0.45')","5ed8f8f3a98e669d81b30c56825e0870",2.92003668237193,1.20285288592089e-14,2.37993035285776e-13,"Bacteria","Verrucomicrobia","Verrucomicrobiae","Opitutales","Opitutaceae","Diplosphaera","uncultured Desulfococcus sp.","5ed8f8f3a98e669d81b30c56825e0870",1.778,1.801,0.1,"all",0.25
"146","(Treatment=='12MC2' & TP=='72.00') | (Treatment=='5MC2' & TP == '-0.45')","ae88f77525a7096df7c0d9c6ede9f846",-4.17589592755401,0.885012575497449,1,"Bacteria","Verrucomicrobia","Verrucomicrobiae","Verrucomicrobiales","Verrucomicrobiaceae","Prosthecobacter","","ae88f77525a7096df7c0d9c6ede9f846",1.778,1.801,0.1,"all",0.25
"147","(Treatment=='12MC2' & TP=='72.00') | (Treatment=='5MC2' & TP == '-0.45')","3fec7111a2c9db0a8a26836e192eb914",9.51547318078032,0.00540263417401929,0.034803015493101,"Bacteria","Actinobacteria","Actinobacteria","Frankiales","Geodermatophilaceae","Blastococcus","","3fec7111a2c9db0a8a26836e192eb914",1.785,1.807,0.1,"all",0.25
"148","(Treatment=='12MC2' & TP=='72.00') | (Treatment=='5MC2' & TP == '-0.45')","04ecfad5772d2e09a84a0f5ef460536c",9.08465306238649,0.00756198337668987,0.0427483550070019,"Bacteria","Proteobacteria","Alphaproteobacteria","Rhizobiales","Beijerinckiaceae","Methylobacterium","","04ecfad5772d2e09a84a0f5ef460536c",1.785,1.807,0.1,"all",0.25
"149","(Treatment=='12MC2' & TP=='72.00') | (Treatment=='5MC2' & TP == '-0.45')","b75e2ef0e905fa22619b60098e918ee3",0.102907714456765,0.52956293551095,1,"Bacteria","Proteobacteria","Alphaproteobacteria","Rhodospirillales","Magnetospirillaceae","Magnetospirillum","","b75e2ef0e905fa22619b60098e918ee3",1.785,1.807,0.1,"all",0.25
"150","(Treatment=='12MC2' & TP=='72.00') | (Treatment=='5MC2' & TP == '-0.45')","84ea3564fd34c5377c4305b340f0c16f",-3.6724995954646,0.856483317234277,1,"Bacteria","Proteobacteria","Alphaproteobacteria","SAR11 clade","Clade III","","","84ea3564fd34c5377c4305b340f0c16f",1.785,1.807,0.1,"all",0.25
"151","(Treatment=='12MC2' & TP=='72.00') | (Treatment=='5MC2' & TP == '-0.45')","fb2dab56bf8047ade734c2fceccb49e4",-2.35642716513939,0.759806435645102,1,"Bacteria","Proteobacteria","Alphaproteobacteria","SAR11 clade","Clade III","","","fb2dab56bf8047ade734c2fceccb49e4",1.785,1.807,0.1,"all",0.25
"152","(Treatment=='12MC2' & TP=='72.00') | (Treatment=='5MC2' & TP == '-0.45')","ca2b23c1b70c9034ea6412255f88eb7f",-6.12896113596574,0.999999560736161,1,"Bacteria","Proteobacteria","Deltaproteobacteria","Bdellovibrionales","Bacteriovoracaceae","Bacteriovorax","Ambiguous_taxa","ca2b23c1b70c9034ea6412255f88eb7f",1.785,1.807,0.1,"all",0.25
"153","(Treatment=='12MC2' & TP=='72.00') | (Treatment=='5MC2' & TP == '-0.45')","a6db2d87f1e7a32216e5041a1920f12e",3.84811136735514,3.85013500161749e-12,6.27345526734143e-11,"Bacteria","Proteobacteria","Deltaproteobacteria","Myxococcales","Nannocystaceae","Nannocystis","Nannocystis sp.","a6db2d87f1e7a32216e5041a1920f12e",1.785,1.807,0.1,"all",0.25
"154","(Treatment=='12MC2' & TP=='72.00') | (Treatment=='5MC2' & TP == '-0.45')","8215c539c392e8fc631e1d5cddeac7da",-5.51367923838931,0.999993167271354,1,"Bacteria","Bacteroidetes","Bacteroidia","Chitinophagales","Chitinophagaceae","uncultured","metagenome","8215c539c392e8fc631e1d5cddeac7da",1.785,1.807,0.1,"all",0.25
"155","(Treatment=='12MC2' & TP=='72.00') | (Treatment=='5MC2' & TP == '-0.45')","0606870e7caf9d39f42f23dff84c6190",-0.158619634298271,0.543409559249057,1,"Bacteria","Proteobacteria","Gammaproteobacteria","Oceanospirillales","Halomonadaceae","Halomonas","","0606870e7caf9d39f42f23dff84c6190",1.785,1.807,0.1,"all",0.25
"156","(Treatment=='12MC2' & TP=='72.00') | (Treatment=='5MC2' & TP == '-0.45')","79dd8858e8f7f68455b807ef496bbc24",-6.53342958644423,0.99999998305704,1,"Bacteria","Proteobacteria","Gammaproteobacteria","Betaproteobacteriales","Aquaspirillaceae","Rivicola","Ambiguous_taxa","79dd8858e8f7f68455b807ef496bbc24",1.785,1.807,0.1,"all",0.25
"157","(Treatment=='12MC2' & TP=='72.00') | (Treatment=='5MC2' & TP == '-0.45')","d295b9a63b6148b9f4663819da1c914b",-9.66506859475017,1,1,"Bacteria","Proteobacteria","Gammaproteobacteria","Betaproteobacteriales","Burkholderiaceae","Curvibacter","","d295b9a63b6148b9f4663819da1c914b",1.785,1.807,0.1,"all",0.25
"158","(Treatment=='12MC2' & TP=='72.00') | (Treatment=='5MC2' & TP == '-0.45')","3fa2974b1f70109275811beb1ae321c9",3.04633815919468,4.14227071459316e-15,9.56174156618588e-14,"Bacteria","Proteobacteria","Alphaproteobacteria","Rhizobiales","Xanthobacteraceae","Pseudoxanthobacter","Ambiguous_taxa","3fa2974b1f70109275811beb1ae321c9",1.795,1.813,0.1,"all",0.25
"159","(Treatment=='12MC2' & TP=='72.00') | (Treatment=='5MC2' & TP == '-0.45')","d5c62883f6e56836e55aefb9a15623a5",-3.46727524100589,0.999999584940331,1,"Bacteria","Proteobacteria","Alphaproteobacteria","Elsterales","Elsteraceae","Elstera","Ambiguous_taxa","d5c62883f6e56836e55aefb9a15623a5",1.795,1.813,0.1,"all",0.25
"160","(Treatment=='12MC2' & TP=='72.00') | (Treatment=='5MC2' & TP == '-0.45')","801efb14d6457f799fd2becee6d07b72",4.30269242240017,1.40987994978762e-07,1.69798585257031e-06,"Bacteria","Proteobacteria","Alphaproteobacteria","Rhodospirillales","Terasakiellaceae","uncultured","","801efb14d6457f799fd2becee6d07b72",1.795,1.813,0.1,"all",0.25
"161","(Treatment=='12MC2' & TP=='72.00') | (Treatment=='5MC2' & TP == '-0.45')","9d5fa8335722caf15c7501355831afdd",6.79681231718086,0.0562745513750875,0.239816165090758,"Bacteria","Proteobacteria","Alphaproteobacteria","Rickettsiales","Rickettsiaceae","uncultured","uncultured bacterium","9d5fa8335722caf15c7501355831afdd",1.795,1.813,0.1,"all",0.25
"162","(Treatment=='12MC2' & TP=='72.00') | (Treatment=='5MC2' & TP == '-0.45')","d4cc0a095dd016823ef8c5ad567c91fd",7.99704773477846,0.0251223527672271,0.126525303936762,"Bacteria","Bacteroidetes","Bacteroidia","Flavobacteriales","Cryomorphaceae","uncultured","Ambiguous_taxa","d4cc0a095dd016823ef8c5ad567c91fd",1.795,1.813,0.1,"all",0.25
"163","(Treatment=='12MC2' & TP=='72.00') | (Treatment=='5MC2' & TP == '-0.45')","efbe1f58b1e2984ddc53a64f047d94ff",1.06686090798411,0.00792299367769184,0.0438933849744128,"Bacteria","Proteobacteria","Gammaproteobacteria","Betaproteobacteriales","Burkholderiaceae","Janthinobacterium","","efbe1f58b1e2984ddc53a64f047d94ff",1.795,1.813,0.1,"all",0.25
"164","(Treatment=='12MC2' & TP=='72.00') | (Treatment=='5MC2' & TP == '-0.45')","87a918f2af94ff451dd1f9ada0c46ecb",-3.94336383031167,0.84035590712159,1,"Bacteria","Proteobacteria","Gammaproteobacteria","Betaproteobacteriales","Rhodocyclaceae","Methyloversatilis","","87a918f2af94ff451dd1f9ada0c46ecb",1.795,1.813,0.1,"all",0.25
"165","(Treatment=='12MC2' & TP=='72.00') | (Treatment=='5MC2' & TP == '-0.45')","65a75a16ddf0882daec9e72eea3aa180",0.305785375528598,0.492426416703732,1,"Bacteria","Proteobacteria","Gammaproteobacteria","Salinisphaerales","Solimonadaceae","Nevskia","","65a75a16ddf0882daec9e72eea3aa180",1.795,1.813,0.1,"all",0.25
"166","(Treatment=='14MC2' & TP=='120.00') | (Treatment=='5MC2' & TP == '-0.45')","520c7e89d0c7c72e7d85eed29aaedb70",-1.66299018739946,0.999999939248552,1,"Bacteria","Planctomycetes","OM190","uncultured bacterium","uncultured bacterium","uncultured bacterium","uncultured bacterium","520c7e89d0c7c72e7d85eed29aaedb70",1.768,1.785,0.1,"all",0.25
"167","(Treatment=='14MC2' & TP=='120.00') | (Treatment=='5MC2' & TP == '-0.45')","6310bd545c25bc818bce75d76bc259a1",7.38490578375643,1.90516128276123e-08,1.62573762795625e-07,"Bacteria","Proteobacteria","Alphaproteobacteria","Paracaedibacterales","Paracaedibacteraceae","uncultured","metagenome","6310bd545c25bc818bce75d76bc259a1",1.768,1.785,0.1,"all",0.25
"168","(Treatment=='14MC2' & TP=='120.00') | (Treatment=='5MC2' & TP == '-0.45')","1583d8af9fd9cb078f88c0e1a8b8a888",-0.767649419597029,0.999999999399512,1,"Bacteria","Proteobacteria","Alphaproteobacteria","Rhizobiales","Xanthobacteraceae","Ancylobacter","Ambiguous_taxa","1583d8af9fd9cb078f88c0e1a8b8a888",1.768,1.785,0.1,"all",0.25
"169","(Treatment=='14MC2' & TP=='120.00') | (Treatment=='5MC2' & TP == '-0.45')","a5e4fa1c4fdfceff6877d2ba21ae0b91",5.07635327959774,0.0981688226373548,0.353960825283984,"Bacteria","Proteobacteria","Alphaproteobacteria","Caulobacterales","Hyphomonadaceae","Hirschia","","a5e4fa1c4fdfceff6877d2ba21ae0b91",1.768,1.785,0.1,"all",0.25
"170","(Treatment=='14MC2' & TP=='120.00') | (Treatment=='5MC2' & TP == '-0.45')","9e26dc7c6642e4bf724f8d376d56a973",-2.60617992116719,1,1,"Bacteria","Proteobacteria","Alphaproteobacteria","","","","","9e26dc7c6642e4bf724f8d376d56a973",1.768,1.785,0.1,"all",0.25
"171","(Treatment=='14MC2' & TP=='120.00') | (Treatment=='5MC2' & TP == '-0.45')","b75e2ef0e905fa22619b60098e918ee3",0.785114765184162,0.394388768122383,1,"Bacteria","Proteobacteria","Alphaproteobacteria","Rhodospirillales","Magnetospirillaceae","Magnetospirillum","","b75e2ef0e905fa22619b60098e918ee3",1.768,1.785,0.1,"all",0.25
"172","(Treatment=='14MC2' & TP=='120.00') | (Treatment=='5MC2' & TP == '-0.45')","936f76885e2ff79dde9adf042e7d4617",1.04194365540434,0.238833709478102,0.783864482389667,"Bacteria","Proteobacteria","Alphaproteobacteria","Rhodospirillales","Magnetospirillaceae","Magnetospirillum","","936f76885e2ff79dde9adf042e7d4617",1.768,1.785,0.1,"all",0.25
"173","(Treatment=='14MC2' & TP=='120.00') | (Treatment=='5MC2' & TP == '-0.45')","1083eb67a7140dca982f34e3968117a3",-4.0393931419243,0.998463625497641,1,"Bacteria","Proteobacteria","Alphaproteobacteria","Rhodospirillales","Magnetospirillaceae","Magnetospirillum","","1083eb67a7140dca982f34e3968117a3",1.768,1.785,0.1,"all",0.25
"174","(Treatment=='14MC2' & TP=='120.00') | (Treatment=='5MC2' & TP == '-0.45')","9d5fa8335722caf15c7501355831afdd",7.58469714645809,6.17499339303047e-10,6.87303612441653e-09,"Bacteria","Proteobacteria","Alphaproteobacteria","Rickettsiales","Rickettsiaceae","uncultured","uncultured bacterium","9d5fa8335722caf15c7501355831afdd",1.768,1.785,0.1,"all",0.25
"175","(Treatment=='14MC2' & TP=='120.00') | (Treatment=='5MC2' & TP == '-0.45')","63413adbe8227f80412e824dffac1f5a",-0.840291144000231,0.999999999999995,1,"Bacteria","Bacteroidetes","Bacteroidia","Sphingobacteriales","NS11-12 marine group","uncultured bacterium","uncultured bacterium","63413adbe8227f80412e824dffac1f5a",1.768,1.785,0.1,"all",0.25
"176","(Treatment=='14MC2' & TP=='120.00') | (Treatment=='5MC2' & TP == '-0.45')","f1e34308d952529287ada31976faec95",1.05912203915701,0.000499594691633556,0.0027803530664824,"Bacteria","Bacteroidetes","Bacteroidia","Cytophagales","Microscillaceae","OLB12","","f1e34308d952529287ada31976faec95",1.768,1.785,0.1,"all",0.25
"177","(Treatment=='14MC2' & TP=='120.00') | (Treatment=='5MC2' & TP == '-0.45')","8b1b6b50ee8e9d52ac980948823b441f",2.71079894053159,2.11749166552391e-13,3.61385244249414e-12,"Bacteria","Bacteroidetes","Rhodothermia","Balneolales","Balneolaceae","uncultured bacterium","uncultured bacterium","8b1b6b50ee8e9d52ac980948823b441f",1.768,1.785,0.1,"all",0.25
"178","(Treatment=='14MC2' & TP=='120.00') | (Treatment=='5MC2' & TP == '-0.45')","3e5cc4006667756b128e551a166d5861",1.70454928230665,5.24276960442067e-07,3.83471148209055e-06,"Bacteria","Proteobacteria","Gammaproteobacteria","Oceanospirillales","Saccharospirillaceae","Oceanobacter","","3e5cc4006667756b128e551a166d5861",1.768,1.785,0.1,"all",0.25
"179","(Treatment=='14MC2' & TP=='120.00') | (Treatment=='5MC2' & TP == '-0.45')","a7d9ac24cf597a17e98e400931d90089",0.302308594904526,0.461517349260238,1,"Bacteria","Proteobacteria","Gammaproteobacteria","Pseudomonadales","Moraxellaceae","Alkanindiges","","a7d9ac24cf597a17e98e400931d90089",1.768,1.785,0.1,"all",0.25
"180","(Treatment=='14MC2' & TP=='120.00') | (Treatment=='5MC2' & TP == '-0.45')","83c246c4ed456dea2a15d054f16009b3",0.357520919375253,0.377086626643559,1,"Bacteria","Proteobacteria","Gammaproteobacteria","Betaproteobacteriales","Rhodocyclaceae","Zoogloea","","83c246c4ed456dea2a15d054f16009b3",1.768,1.785,0.1,"all",0.25
"181","(Treatment=='14MC2' & TP=='120.00') | (Treatment=='5MC2' & TP == '-0.45')","7af6ae689696e9ea838fbb88ee9afb78",6.22259187347361,5.20883686407541e-06,3.60395199244137e-05,"Bacteria","Proteobacteria","Gammaproteobacteria","Betaproteobacteriales","Rhodocyclaceae","Dechloromonas","","7af6ae689696e9ea838fbb88ee9afb78",1.768,1.785,0.1,"all",0.25
"182","(Treatment=='14MC2' & TP=='120.00') | (Treatment=='5MC2' & TP == '-0.45')","acc9603a819dc23a606ac6c1b9105b6d",4.07547360114837,4.1995049447701e-123,1.07507326586115e-120,"Bacteria","Proteobacteria","Gammaproteobacteria","Betaproteobacteriales","Rhodocyclaceae","","","acc9603a819dc23a606ac6c1b9105b6d",1.768,1.785,0.1,"all",0.25
"183","(Treatment=='14MC2' & TP=='120.00') | (Treatment=='5MC2' & TP == '-0.45')","79dd8858e8f7f68455b807ef496bbc24",-6.48076205788744,0.987997394174946,1,"Bacteria","Proteobacteria","Gammaproteobacteria","Betaproteobacteriales","Aquaspirillaceae","Rivicola","Ambiguous_taxa","79dd8858e8f7f68455b807ef496bbc24",1.768,1.785,0.1,"all",0.25
"184","(Treatment=='14MC2' & TP=='120.00') | (Treatment=='5MC2' & TP == '-0.45')","e416d0916760d2fc17b616e2ac3ad855",-5.49807892514232,0.999229211704347,1,"Bacteria","Proteobacteria","Gammaproteobacteria","Betaproteobacteriales","Methylophilaceae","Methylotenera","","e416d0916760d2fc17b616e2ac3ad855",1.768,1.785,0.1,"all",0.25
"185","(Treatment=='14MC2' & TP=='120.00') | (Treatment=='5MC2' & TP == '-0.45')","1e104b993416995498346089f57fd3bf",2.30823737380327,1.48949042128874e-20,4.23677275388796e-19,"Bacteria","Proteobacteria","Gammaproteobacteria","Betaproteobacteriales","Methylophilaceae","Methylophilus","","1e104b993416995498346089f57fd3bf",1.768,1.785,0.1,"all",0.25
"186","(Treatment=='14MC2' & TP=='120.00') | (Treatment=='5MC2' & TP == '-0.45')","aee83626bf99f96165a5c90cc9511595",1.03992541674691,0.391463348772432,1,"Bacteria","Proteobacteria","Gammaproteobacteria","Betaproteobacteriales","Burkholderiaceae","","","aee83626bf99f96165a5c90cc9511595",1.768,1.785,0.1,"all",0.25
"187","(Treatment=='14MC2' & TP=='120.00') | (Treatment=='5MC2' & TP == '-0.45')","9c54c522a386d5ed75686001dae803d9",-3.09439202799015,1,1,"Bacteria","Proteobacteria","Gammaproteobacteria","Betaproteobacteriales","Burkholderiaceae","","","9c54c522a386d5ed75686001dae803d9",1.768,1.785,0.1,"all",0.25
"188","(Treatment=='14MC2' & TP=='120.00') | (Treatment=='5MC2' & TP == '-0.45')","c1d9eada909d2d5dbe078f25f1038508",2.77898474926955,2.61390377034928e-12,3.93623156005539e-11,"Bacteria","Proteobacteria","Gammaproteobacteria","Betaproteobacteriales","Burkholderiaceae","Aquabacterium","","c1d9eada909d2d5dbe078f25f1038508",1.768,1.785,0.1,"all",0.25
"189","(Treatment=='14MC2' & TP=='120.00') | (Treatment=='5MC2' & TP == '-0.45')","7ebbb1e6f79a2910951c191a4bf1df66",-1.38724086657743,0.999999787268291,1,"Bacteria","Proteobacteria","Gammaproteobacteria","Betaproteobacteriales","Rhodocyclaceae","Methyloversatilis","","7ebbb1e6f79a2910951c191a4bf1df66",1.768,1.785,0.1,"all",0.25
"190","(Treatment=='14MC2' & TP=='120.00') | (Treatment=='5MC2' & TP == '-0.45')","65a75a16ddf0882daec9e72eea3aa180",0.0899013520564173,0.604272653383573,1,"Bacteria","Proteobacteria","Gammaproteobacteria","Salinisphaerales","Solimonadaceae","Nevskia","","65a75a16ddf0882daec9e72eea3aa180",1.768,1.785,0.1,"all",0.25
"191","(Treatment=='14MC2' & TP=='120.00') | (Treatment=='5MC2' & TP == '-0.45')","0ae5531a9802e71139c959faebdde10c",-2.18002763169912,0.996558146719582,1,"Bacteria","Proteobacteria","Alphaproteobacteria","Reyranellales","Reyranellaceae","Reyranella","","0ae5531a9802e71139c959faebdde10c",1.768,1.785,0.1,"all",0.25
"192","(Treatment=='14MC2' & TP=='120.00') | (Treatment=='5MC2' & TP == '-0.45')","29f3083d2d8f993bec5a67e7af219321",0.460442919299969,0.438088622608364,1,"Bacteria","Verrucomicrobia","Verrucomicrobiae","Opitutales","Opitutaceae","Lacunisphaera","","29f3083d2d8f993bec5a67e7af219321",1.768,1.785,0.1,"all",0.25
"193","(Treatment=='14MC2' & TP=='120.00') | (Treatment=='5MC2' & TP == '-0.45')","5c21f017407dbb74aea300b42e85dd30",3.04484035601312,0.130497200665001,0.457519933901688,"Bacteria","Verrucomicrobia","Verrucomicrobiae","Opitutales","Opitutaceae","Opitutus","uncultured Verrucomicrobia bacterium","5c21f017407dbb74aea300b42e85dd30",1.768,1.785,0.1,"all",0.25
"194","(Treatment=='14MC2' & TP=='120.00') | (Treatment=='5MC2' & TP == '-0.45')","af27577de5edb10c09f7fc19b9ca45ca",-4.32396710877696,0.89220082333065,1,"Bacteria","Proteobacteria","Alphaproteobacteria","Rhodobacterales","Rhodobacteraceae","Pseudorhodobacter","","af27577de5edb10c09f7fc19b9ca45ca",1.775,1.795,0.1,"all",0.25
"195","(Treatment=='14MC2' & TP=='120.00') | (Treatment=='5MC2' & TP == '-0.45')","529768d439b63fc1fd2991f7c6ea2071",-7.38615363412385,0.999999991515685,1,"Bacteria","","","","","","","529768d439b63fc1fd2991f7c6ea2071",1.778,1.801,0.1,"all",0.25
"196","(Treatment=='14MC2' & TP=='120.00') | (Treatment=='5MC2' & TP == '-0.45')","748289d833e671b4848c77b9443c2034",-1.93832380904123,0.999998837249307,1,"Bacteria","Proteobacteria","Alphaproteobacteria","Rickettsiales","Rickettsiaceae","uncultured","","748289d833e671b4848c77b9443c2034",1.778,1.801,0.1,"all",0.25
"197","(Treatment=='14MC2' & TP=='120.00') | (Treatment=='5MC2' & TP == '-0.45')","b93f0c1f2e8178c7ce1d957ab357dd77",7.65495660748921,0.000394970067539742,0.00229800766568577,"Bacteria","Proteobacteria","Gammaproteobacteria","Legionellales","Legionellaceae","Legionella","","b93f0c1f2e8178c7ce1d957ab357dd77",1.778,1.801,0.1,"all",0.25
"198","(Treatment=='14MC2' & TP=='120.00') | (Treatment=='5MC2' & TP == '-0.45')","ae88f77525a7096df7c0d9c6ede9f846",-1.15767124411752,0.652244296002736,1,"Bacteria","Verrucomicrobia","Verrucomicrobiae","Verrucomicrobiales","Verrucomicrobiaceae","Prosthecobacter","","ae88f77525a7096df7c0d9c6ede9f846",1.778,1.801,0.1,"all",0.25
"199","(Treatment=='14MC2' & TP=='120.00') | (Treatment=='5MC2' & TP == '-0.45')","3fa2974b1f70109275811beb1ae321c9",2.27658417796653,1.30847116907045e-08,1.15506420442081e-07,"Bacteria","Proteobacteria","Alphaproteobacteria","Rhizobiales","Xanthobacteraceae","Pseudoxanthobacter","Ambiguous_taxa","3fa2974b1f70109275811beb1ae321c9",1.785,1.807,0.1,"all",0.25
"200","(Treatment=='14MC2' & TP=='120.00') | (Treatment=='5MC2' & TP == '-0.45')","cf3381318906e1e08f58bca905636dc0",2.29122944942315,1.26017270319162e-09,1.34418421673772e-08,"Bacteria","Proteobacteria","Alphaproteobacteria","Rhizobiales","Rhizobiaceae","Allorhizobium-Neorhizobium-Pararhizobium-Rhizobium","","cf3381318906e1e08f58bca905636dc0",1.785,1.807,0.1,"all",0.25
"201","(Treatment=='14MC2' & TP=='120.00') | (Treatment=='5MC2' & TP == '-0.45')","98f53519513214e968c569829a1471bb",2.60256716118309,3.72979035091374e-09,3.67240896089968e-08,"Bacteria","Proteobacteria","Alphaproteobacteria","Rhizobiales","Rhizobiaceae","Allorhizobium-Neorhizobium-Pararhizobium-Rhizobium","","98f53519513214e968c569829a1471bb",1.785,1.807,0.1,"all",0.25
"202","(Treatment=='14MC2' & TP=='120.00') | (Treatment=='5MC2' & TP == '-0.45')","d5c62883f6e56836e55aefb9a15623a5",-10.2008817634108,1,1,"Bacteria","Proteobacteria","Alphaproteobacteria","Elsterales","Elsteraceae","Elstera","Ambiguous_taxa","d5c62883f6e56836e55aefb9a15623a5",1.785,1.807,0.1,"all",0.25
"203","(Treatment=='14MC2' & TP=='120.00') | (Treatment=='5MC2' & TP == '-0.45')","801efb14d6457f799fd2becee6d07b72",4.88899639247064,3.32186947472703e-35,2.83466195176706e-33,"Bacteria","Proteobacteria","Alphaproteobacteria","Rhodospirillales","Terasakiellaceae","uncultured","","801efb14d6457f799fd2becee6d07b72",1.785,1.807,0.1,"all",0.25
"204","(Treatment=='14MC2' & TP=='120.00') | (Treatment=='5MC2' & TP == '-0.45')","d94c20c00db235bb6fccc68f06f100c7",-6.40031415663353,0.99999998090564,1,"Bacteria","Proteobacteria","Alphaproteobacteria","Rhodospirillales","Magnetospirillaceae","Magnetospirillum","","d94c20c00db235bb6fccc68f06f100c7",1.785,1.807,0.1,"all",0.25
"205","(Treatment=='14MC2' & TP=='120.00') | (Treatment=='5MC2' & TP == '-0.45')","740d9b2ea5713119fec5849936b9128b",0.643406976284285,0.103639753754046,0.368496902236607,"Bacteria","Proteobacteria","Alphaproteobacteria","Sneathiellales","Sneathiellaceae","Ferrovibrio","Ambiguous_taxa","740d9b2ea5713119fec5849936b9128b",1.785,1.807,0.1,"all",0.25
"206","(Treatment=='14MC2' & TP=='120.00') | (Treatment=='5MC2' & TP == '-0.45')","84ea3564fd34c5377c4305b340f0c16f",-3.79104281079853,0.863667158851537,1,"Bacteria","Proteobacteria","Alphaproteobacteria","SAR11 clade","Clade III","","","84ea3564fd34c5377c4305b340f0c16f",1.785,1.807,0.1,"all",0.25
"207","(Treatment=='14MC2' & TP=='120.00') | (Treatment=='5MC2' & TP == '-0.45')","ca2b23c1b70c9034ea6412255f88eb7f",-6.17025886625592,0.999999823690843,1,"Bacteria","Proteobacteria","Deltaproteobacteria","Bdellovibrionales","Bacteriovoracaceae","Bacteriovorax","Ambiguous_taxa","ca2b23c1b70c9034ea6412255f88eb7f",1.785,1.807,0.1,"all",0.25
"208","(Treatment=='14MC2' & TP=='120.00') | (Treatment=='5MC2' & TP == '-0.45')","a6db2d87f1e7a32216e5041a1920f12e",3.50707436721826,1.65569581948203e-16,3.53215108156167e-15,"Bacteria","Proteobacteria","Deltaproteobacteria","Myxococcales","Nannocystaceae","Nannocystis","Nannocystis sp.","a6db2d87f1e7a32216e5041a1920f12e",1.785,1.807,0.1,"all",0.25
"209","(Treatment=='14MC2' & TP=='120.00') | (Treatment=='5MC2' & TP == '-0.45')","21d05aac8070d05f493325ca352fde48",0.324864711344448,0.492092372961702,1,"Bacteria","Bacteroidetes","Bacteroidia","Flavobacteriales","Crocinitomicaceae","Fluviicola","Fluviicola sp. YS 1.2.4","21d05aac8070d05f493325ca352fde48",1.785,1.807,0.1,"all",0.25
"210","(Treatment=='14MC2' & TP=='120.00') | (Treatment=='5MC2' & TP == '-0.45')","8215c539c392e8fc631e1d5cddeac7da",-5.55527876746198,0.999997762386564,1,"Bacteria","Bacteroidetes","Bacteroidia","Chitinophagales","Chitinophagaceae","uncultured","metagenome","8215c539c392e8fc631e1d5cddeac7da",1.785,1.807,0.1,"all",0.25
"211","(Treatment=='14MC2' & TP=='120.00') | (Treatment=='5MC2' & TP == '-0.45')","efbe1f58b1e2984ddc53a64f047d94ff",-1.75528878465613,0.999999800988163,1,"Bacteria","Proteobacteria","Gammaproteobacteria","Betaproteobacteriales","Burkholderiaceae","Janthinobacterium","","efbe1f58b1e2984ddc53a64f047d94ff",1.785,1.807,0.1,"all",0.25
"212","(Treatment=='14MC2' & TP=='120.00') | (Treatment=='5MC2' & TP == '-0.45')","07eb166d091e1aebe641105881f4f2d3",-9.41896520438315,0.999999999999999,1,"Bacteria","Proteobacteria","Gammaproteobacteria","Betaproteobacteriales","Rhodocyclaceae","Zoogloea","","07eb166d091e1aebe641105881f4f2d3",1.785,1.807,0.1,"all",0.25
"213","(Treatment=='14MC2' & TP=='120.00') | (Treatment=='5MC2' & TP == '-0.45')","137dc661fa672b506fd805198510edf9",-7.94786897205708,0.999999999995849,1,"Bacteria","Proteobacteria","Gammaproteobacteria","Betaproteobacteriales","Burkholderiaceae","Ampullimonas","Ambiguous_taxa","137dc661fa672b506fd805198510edf9",1.785,1.807,0.1,"all",0.25
"214","(Treatment=='14MC2' & TP=='120.00') | (Treatment=='5MC2' & TP == '-0.45')","27af011f1ebcc0867bb168193e6a9d27",4.42859878660404,3.36998713759974e-29,1.43786117870922e-27,"Bacteria","Proteobacteria","Gammaproteobacteria","Betaproteobacteriales","Burkholderiaceae","","","27af011f1ebcc0867bb168193e6a9d27",1.785,1.807,0.1,"all",0.25
"215","(Treatment=='14MC2' & TP=='120.00') | (Treatment=='5MC2' & TP == '-0.45')","d295b9a63b6148b9f4663819da1c914b",-9.68087283291533,1,1,"Bacteria","Proteobacteria","Gammaproteobacteria","Betaproteobacteriales","Burkholderiaceae","Curvibacter","","d295b9a63b6148b9f4663819da1c914b",1.785,1.807,0.1,"all",0.25
"216","(Treatment=='14MC2' & TP=='120.00') | (Treatment=='5MC2' & TP == '-0.45')","29b2870e522fa2d0b60ae25278a57c5b",-6.39780690640349,0.999999981826955,1,"Bacteria","Proteobacteria","Gammaproteobacteria","Betaproteobacteriales","","","","29b2870e522fa2d0b60ae25278a57c5b",1.785,1.807,0.1,"all",0.25
"217","(Treatment=='14MC2' & TP=='120.00') | (Treatment=='5MC2' & TP == '-0.45')","e657907312415da47ee5d5a4796a675a",-4.7976724089257,0.990861862927868,1,"Bacteria","Proteobacteria","Deltaproteobacteria","Bdellovibrionales","Bdellovibrionaceae","Bdellovibrio","uncultured bacterium","e657907312415da47ee5d5a4796a675a",1.785,1.807,0.1,"all",0.25
"218","(Treatment=='14MC2' & TP=='120.00') | (Treatment=='5MC2' & TP == '-0.45')","5ed8f8f3a98e669d81b30c56825e0870",5.48609853569373,3.29384421177911e-69,4.21612059107726e-67,"Bacteria","Verrucomicrobia","Verrucomicrobiae","Opitutales","Opitutaceae","Diplosphaera","uncultured Desulfococcus sp.","5ed8f8f3a98e669d81b30c56825e0870",1.785,1.807,0.1,"all",0.25
"219","(Treatment=='15MC2' & TP=='240.00') | (Treatment=='5MC2' & TP == '-0.45')","529768d439b63fc1fd2991f7c6ea2071",-6.52229964730141,0.999999939264919,1,"Bacteria","","","","","","","529768d439b63fc1fd2991f7c6ea2071",1.768,1.785,0.15,"all",0.25
"220","(Treatment=='15MC2' & TP=='240.00') | (Treatment=='5MC2' & TP == '-0.45')","520c7e89d0c7c72e7d85eed29aaedb70",-6.74824060305416,0.99999998626358,1,"Bacteria","Planctomycetes","OM190","uncultured bacterium","uncultured bacterium","uncultured bacterium","uncultured bacterium","520c7e89d0c7c72e7d85eed29aaedb70",1.768,1.785,0.15,"all",0.25
"221","(Treatment=='15MC2' & TP=='240.00') | (Treatment=='5MC2' & TP == '-0.45')","6310bd545c25bc818bce75d76bc259a1",5.43432607671435,0.048048854318464,0.190761123115096,"Bacteria","Proteobacteria","Alphaproteobacteria","Paracaedibacterales","Paracaedibacteraceae","uncultured","metagenome","6310bd545c25bc818bce75d76bc259a1",1.768,1.785,0.15,"all",0.25
"222","(Treatment=='15MC2' & TP=='240.00') | (Treatment=='5MC2' & TP == '-0.45')","af27577de5edb10c09f7fc19b9ca45ca",-3.97071256797816,0.858867868194752,1,"Bacteria","Proteobacteria","Alphaproteobacteria","Rhodobacterales","Rhodobacteraceae","Pseudorhodobacter","","af27577de5edb10c09f7fc19b9ca45ca",1.768,1.785,0.15,"all",0.25
"223","(Treatment=='15MC2' & TP=='240.00') | (Treatment=='5MC2' & TP == '-0.45')","1583d8af9fd9cb078f88c0e1a8b8a888",1.59427281894173,9.02106329181979e-06,6.15282778365144e-05,"Bacteria","Proteobacteria","Alphaproteobacteria","Rhizobiales","Xanthobacteraceae","Ancylobacter","Ambiguous_taxa","1583d8af9fd9cb078f88c0e1a8b8a888",1.768,1.785,0.15,"all",0.25
"224","(Treatment=='15MC2' & TP=='240.00') | (Treatment=='5MC2' & TP == '-0.45')","d5c62883f6e56836e55aefb9a15623a5",-10.4725740656899,1,1,"Bacteria","Proteobacteria","Alphaproteobacteria","Elsterales","Elsteraceae","Elstera","Ambiguous_taxa","d5c62883f6e56836e55aefb9a15623a5",1.768,1.785,0.15,"all",0.25
"225","(Treatment=='15MC2' & TP=='240.00') | (Treatment=='5MC2' & TP == '-0.45')","9e26dc7c6642e4bf724f8d376d56a973",-4.07474165694603,0.999992526549242,1,"Bacteria","Proteobacteria","Alphaproteobacteria","","","","","9e26dc7c6642e4bf724f8d376d56a973",1.768,1.785,0.15,"all",0.25
"226","(Treatment=='15MC2' & TP=='240.00') | (Treatment=='5MC2' & TP == '-0.45')","b75e2ef0e905fa22619b60098e918ee3",0.169527526451015,0.518103914592322,1,"Bacteria","Proteobacteria","Alphaproteobacteria","Rhodospirillales","Magnetospirillaceae","Magnetospirillum","","b75e2ef0e905fa22619b60098e918ee3",1.768,1.785,0.15,"all",0.25
"227","(Treatment=='15MC2' & TP=='240.00') | (Treatment=='5MC2' & TP == '-0.45')","936f76885e2ff79dde9adf042e7d4617",-6.3686577538816,0.954736101468758,1,"Bacteria","Proteobacteria","Alphaproteobacteria","Rhodospirillales","Magnetospirillaceae","Magnetospirillum","","936f76885e2ff79dde9adf042e7d4617",1.768,1.785,0.15,"all",0.25
"228","(Treatment=='15MC2' & TP=='240.00') | (Treatment=='5MC2' & TP == '-0.45')","1083eb67a7140dca982f34e3968117a3",-7.6179473729175,0.999999999940549,1,"Bacteria","Proteobacteria","Alphaproteobacteria","Rhodospirillales","Magnetospirillaceae","Magnetospirillum","","1083eb67a7140dca982f34e3968117a3",1.768,1.785,0.15,"all",0.25
"229","(Treatment=='15MC2' & TP=='240.00') | (Treatment=='5MC2' & TP == '-0.45')","d94c20c00db235bb6fccc68f06f100c7",-5.94417424254539,0.997912802568468,1,"Bacteria","Proteobacteria","Alphaproteobacteria","Rhodospirillales","Magnetospirillaceae","Magnetospirillum","","d94c20c00db235bb6fccc68f06f100c7",1.768,1.785,0.15,"all",0.25
"230","(Treatment=='15MC2' & TP=='240.00') | (Treatment=='5MC2' & TP == '-0.45')","ca2b23c1b70c9034ea6412255f88eb7f",-6.03669816327658,0.999999381427492,1,"Bacteria","Proteobacteria","Deltaproteobacteria","Bdellovibrionales","Bacteriovoracaceae","Bacteriovorax","Ambiguous_taxa","ca2b23c1b70c9034ea6412255f88eb7f",1.768,1.785,0.15,"all",0.25
"231","(Treatment=='15MC2' & TP=='240.00') | (Treatment=='5MC2' & TP == '-0.45')","a6db2d87f1e7a32216e5041a1920f12e",1.6899507524206,0.000131040495483916,0.000816761610658235,"Bacteria","Proteobacteria","Deltaproteobacteria","Myxococcales","Nannocystaceae","Nannocystis","Nannocystis sp.","a6db2d87f1e7a32216e5041a1920f12e",1.768,1.785,0.15,"all",0.25
"232","(Treatment=='15MC2' & TP=='240.00') | (Treatment=='5MC2' & TP == '-0.45')","21d05aac8070d05f493325ca352fde48",3.61397178170935,0.198769619053905,0.644789252052912,"Bacteria","Bacteroidetes","Bacteroidia","Flavobacteriales","Crocinitomicaceae","Fluviicola","Fluviicola sp. YS 1.2.4","21d05aac8070d05f493325ca352fde48",1.768,1.785,0.15,"all",0.25
"233","(Treatment=='15MC2' & TP=='240.00') | (Treatment=='5MC2' & TP == '-0.45')","8215c539c392e8fc631e1d5cddeac7da",-5.62205349432891,0.999991936803321,1,"Bacteria","Bacteroidetes","Bacteroidia","Chitinophagales","Chitinophagaceae","uncultured","metagenome","8215c539c392e8fc631e1d5cddeac7da",1.768,1.785,0.15,"all",0.25
"234","(Treatment=='15MC2' & TP=='240.00') | (Treatment=='5MC2' & TP == '-0.45')","63413adbe8227f80412e824dffac1f5a",-1.61894588322795,0.999999848993475,1,"Bacteria","Bacteroidetes","Bacteroidia","Sphingobacteriales","NS11-12 marine group","uncultured bacterium","uncultured bacterium","63413adbe8227f80412e824dffac1f5a",1.768,1.785,0.15,"all",0.25
"235","(Treatment=='15MC2' & TP=='240.00') | (Treatment=='5MC2' & TP == '-0.45')","f1e34308d952529287ada31976faec95",1.35207149870796,0.00222728823114424,0.012342888947591,"Bacteria","Bacteroidetes","Bacteroidia","Cytophagales","Microscillaceae","OLB12","","f1e34308d952529287ada31976faec95",1.768,1.785,0.15,"all",0.25
"236","(Treatment=='15MC2' & TP=='240.00') | (Treatment=='5MC2' & TP == '-0.45')","8b1b6b50ee8e9d52ac980948823b441f",1.32929350639798,0.0180355984726872,0.0773785353828191,"Bacteria","Bacteroidetes","Rhodothermia","Balneolales","Balneolaceae","uncultured bacterium","uncultured bacterium","8b1b6b50ee8e9d52ac980948823b441f",1.768,1.785,0.15,"all",0.25
"237","(Treatment=='15MC2' & TP=='240.00') | (Treatment=='5MC2' & TP == '-0.45')","3e5cc4006667756b128e551a166d5861",-2.44330732574875,0.990055275314353,1,"Bacteria","Proteobacteria","Gammaproteobacteria","Oceanospirillales","Saccharospirillaceae","Oceanobacter","","3e5cc4006667756b128e551a166d5861",1.768,1.785,0.15,"all",0.25
"238","(Treatment=='15MC2' & TP=='240.00') | (Treatment=='5MC2' & TP == '-0.45')","b93f0c1f2e8178c7ce1d957ab357dd77",6.08310140315093,7.55247260779531e-05,0.000489989686261842,"Bacteria","Proteobacteria","Gammaproteobacteria","Legionellales","Legionellaceae","Legionella","","b93f0c1f2e8178c7ce1d957ab357dd77",1.768,1.785,0.15,"all",0.25
"239","(Treatment=='15MC2' & TP=='240.00') | (Treatment=='5MC2' & TP == '-0.45')","a7d9ac24cf597a17e98e400931d90089",-1.80697531337139,0.927444115684488,1,"Bacteria","Proteobacteria","Gammaproteobacteria","Pseudomonadales","Moraxellaceae","Alkanindiges","","a7d9ac24cf597a17e98e400931d90089",1.768,1.785,0.15,"all",0.25
"240","(Treatment=='15MC2' & TP=='240.00') | (Treatment=='5MC2' & TP == '-0.45')","83c246c4ed456dea2a15d054f16009b3",6.14868181188826,7.17874132748946e-52,4.77386298278049e-50,"Bacteria","Proteobacteria","Gammaproteobacteria","Betaproteobacteriales","Rhodocyclaceae","Zoogloea","","83c246c4ed456dea2a15d054f16009b3",1.768,1.785,0.15,"all",0.25
"241","(Treatment=='15MC2' & TP=='240.00') | (Treatment=='5MC2' & TP == '-0.45')","07eb166d091e1aebe641105881f4f2d3",-10.0587229804132,1,1,"Bacteria","Proteobacteria","Gammaproteobacteria","Betaproteobacteriales","Rhodocyclaceae","Zoogloea","","07eb166d091e1aebe641105881f4f2d3",1.768,1.785,0.15,"all",0.25
"242","(Treatment=='15MC2' & TP=='240.00') | (Treatment=='5MC2' & TP == '-0.45')","acc9603a819dc23a606ac6c1b9105b6d",6.41367665943203,2.6298657873267e-53,3.4977214971445e-51,"Bacteria","Proteobacteria","Gammaproteobacteria","Betaproteobacteriales","Rhodocyclaceae","","","acc9603a819dc23a606ac6c1b9105b6d",1.768,1.785,0.15,"all",0.25
"243","(Treatment=='15MC2' & TP=='240.00') | (Treatment=='5MC2' & TP == '-0.45')","2bb6b66b5872ff20a6ee6f12a8bb21b9",9.62121498313126,5.0461554485608e-13,4.62854258385232e-12,"Bacteria","Proteobacteria","Gammaproteobacteria","Betaproteobacteriales","Gallionellaceae","","","2bb6b66b5872ff20a6ee6f12a8bb21b9",1.768,1.785,0.15,"all",0.25
"244","(Treatment=='15MC2' & TP=='240.00') | (Treatment=='5MC2' & TP == '-0.45')","79dd8858e8f7f68455b807ef496bbc24",-5.62899823083214,0.994432125619825,1,"Bacteria","Proteobacteria","Gammaproteobacteria","Betaproteobacteriales","Aquaspirillaceae","Rivicola","Ambiguous_taxa","79dd8858e8f7f68455b807ef496bbc24",1.768,1.785,0.15,"all",0.25
"245","(Treatment=='15MC2' & TP=='240.00') | (Treatment=='5MC2' & TP == '-0.45')","e416d0916760d2fc17b616e2ac3ad855",-10.5313325245102,1,1,"Bacteria","Proteobacteria","Gammaproteobacteria","Betaproteobacteriales","Methylophilaceae","Methylotenera","","e416d0916760d2fc17b616e2ac3ad855",1.768,1.785,0.15,"all",0.25
"246","(Treatment=='15MC2' & TP=='240.00') | (Treatment=='5MC2' & TP == '-0.45')","1e104b993416995498346089f57fd3bf",-0.551266685741518,0.963283320239984,1,"Bacteria","Proteobacteria","Gammaproteobacteria","Betaproteobacteriales","Methylophilaceae","Methylophilus","","1e104b993416995498346089f57fd3bf",1.768,1.785,0.15,"all",0.25
"247","(Treatment=='15MC2' & TP=='240.00') | (Treatment=='5MC2' & TP == '-0.45')","137dc661fa672b506fd805198510edf9",-8.47086211623968,0.999999999999523,1,"Bacteria","Proteobacteria","Gammaproteobacteria","Betaproteobacteriales","Burkholderiaceae","Ampullimonas","Ambiguous_taxa","137dc661fa672b506fd805198510edf9",1.768,1.785,0.15,"all",0.25
"248","(Treatment=='15MC2' & TP=='240.00') | (Treatment=='5MC2' & TP == '-0.45')","7a4067bb733ba1b9dccbe34f15d4662d",10.9240310210524,5.95654489481135e-15,6.33776376807927e-14,"Bacteria","Proteobacteria","Gammaproteobacteria","Betaproteobacteriales","Rhodocyclaceae","Denitratisoma","uncultured bacterium","7a4067bb733ba1b9dccbe34f15d4662d",1.768,1.785,0.15,"all",0.25
"249","(Treatment=='15MC2' & TP=='240.00') | (Treatment=='5MC2' & TP == '-0.45')","8a37f09de6e1b34a1825a0fa7d7df873",11.7393432252679,5.73097121877153e-18,7.44089573137604e-17,"Bacteria","Proteobacteria","Gammaproteobacteria","Betaproteobacteriales","Rhodocyclaceae","Denitratisoma","uncultured bacterium","8a37f09de6e1b34a1825a0fa7d7df873",1.768,1.785,0.15,"all",0.25
"250","(Treatment=='15MC2' & TP=='240.00') | (Treatment=='5MC2' & TP == '-0.45')","aee83626bf99f96165a5c90cc9511595",-4.40578677701673,0.882493097199875,1,"Bacteria","Proteobacteria","Gammaproteobacteria","Betaproteobacteriales","Burkholderiaceae","","","aee83626bf99f96165a5c90cc9511595",1.768,1.785,0.15,"all",0.25
"251","(Treatment=='15MC2' & TP=='240.00') | (Treatment=='5MC2' & TP == '-0.45')","c1d9eada909d2d5dbe078f25f1038508",2.07295355502346,3.49910805163717e-06,2.58545206037635e-05,"Bacteria","Proteobacteria","Gammaproteobacteria","Betaproteobacteriales","Burkholderiaceae","Aquabacterium","","c1d9eada909d2d5dbe078f25f1038508",1.768,1.785,0.15,"all",0.25
"252","(Treatment=='15MC2' & TP=='240.00') | (Treatment=='5MC2' & TP == '-0.45')","7ebbb1e6f79a2910951c191a4bf1df66",-8.07624514074452,0.999999999993116,1,"Bacteria","Proteobacteria","Gammaproteobacteria","Betaproteobacteriales","Rhodocyclaceae","Methyloversatilis","","7ebbb1e6f79a2910951c191a4bf1df66",1.768,1.785,0.15,"all",0.25
"253","(Treatment=='15MC2' & TP=='240.00') | (Treatment=='5MC2' & TP == '-0.45')","e657907312415da47ee5d5a4796a675a",-5.12625912612222,0.999691455986341,1,"Bacteria","Proteobacteria","Deltaproteobacteria","Bdellovibrionales","Bdellovibrionaceae","Bdellovibrio","uncultured bacterium","e657907312415da47ee5d5a4796a675a",1.768,1.785,0.15,"all",0.25
"254","(Treatment=='15MC2' & TP=='240.00') | (Treatment=='5MC2' & TP == '-0.45')","5c21f017407dbb74aea300b42e85dd30",-2.4738478307002,0.7542908579781,1,"Bacteria","Verrucomicrobia","Verrucomicrobiae","Opitutales","Opitutaceae","Opitutus","uncultured Verrucomicrobia bacterium","5c21f017407dbb74aea300b42e85dd30",1.768,1.785,0.15,"all",0.25
"255","(Treatment=='15MC2' & TP=='240.00') | (Treatment=='5MC2' & TP == '-0.45')","98f53519513214e968c569829a1471bb",4.12586051243904,3.5961498843671e-07,2.733073912119e-06,"Bacteria","Proteobacteria","Alphaproteobacteria","Rhizobiales","Rhizobiaceae","Allorhizobium-Neorhizobium-Pararhizobium-Rhizobium","","98f53519513214e968c569829a1471bb",1.775,1.795,0.15,"all",0.25
"256","(Treatment=='15MC2' & TP=='240.00') | (Treatment=='5MC2' & TP == '-0.45')","740d9b2ea5713119fec5849936b9128b",0.252072376029983,0.498697540631195,1,"Bacteria","Proteobacteria","Alphaproteobacteria","Sneathiellales","Sneathiellaceae","Ferrovibrio","Ambiguous_taxa","740d9b2ea5713119fec5849936b9128b",1.775,1.795,0.15,"all",0.25
"257","(Treatment=='15MC2' & TP=='240.00') | (Treatment=='5MC2' & TP == '-0.45')","27af011f1ebcc0867bb168193e6a9d27",4.14037894506667,0.00356882733478945,0.0179114730387546,"Bacteria","Proteobacteria","Gammaproteobacteria","Betaproteobacteriales","Burkholderiaceae","","","27af011f1ebcc0867bb168193e6a9d27",1.775,1.795,0.15,"all",0.25
"258","(Treatment=='15MC2' & TP=='240.00') | (Treatment=='5MC2' & TP == '-0.45')","3fa2974b1f70109275811beb1ae321c9",-1.45615479836864,0.99825419797864,1,"Bacteria","Proteobacteria","Alphaproteobacteria","Rhizobiales","Xanthobacteraceae","Pseudoxanthobacter","Ambiguous_taxa","3fa2974b1f70109275811beb1ae321c9",1.778,1.801,0.15,"all",0.25
"259","(Treatment=='15MC2' & TP=='240.00') | (Treatment=='5MC2' & TP == '-0.45')","cf3381318906e1e08f58bca905636dc0",2.54834916060426,1.85138778147392e-13,1.75881839240023e-12,"Bacteria","Proteobacteria","Alphaproteobacteria","Rhizobiales","Rhizobiaceae","Allorhizobium-Neorhizobium-Pararhizobium-Rhizobium","","cf3381318906e1e08f58bca905636dc0",1.778,1.801,0.15,"all",0.25
"260","(Treatment=='15MC2' & TP=='240.00') | (Treatment=='5MC2' & TP == '-0.45')","a5e4fa1c4fdfceff6877d2ba21ae0b91",9.2839882338432,5.87439136687582e-18,7.44089573137604e-17,"Bacteria","Proteobacteria","Alphaproteobacteria","Caulobacterales","Hyphomonadaceae","Hirschia","","a5e4fa1c4fdfceff6877d2ba21ae0b91",1.778,1.801,0.15,"all",0.25
"261","(Treatment=='15MC2' & TP=='240.00') | (Treatment=='5MC2' & TP == '-0.45')","801efb14d6457f799fd2becee6d07b72",4.6261366624832,7.75728445864148e-17,8.97146811303754e-16,"Bacteria","Proteobacteria","Alphaproteobacteria","Rhodospirillales","Terasakiellaceae","uncultured","","801efb14d6457f799fd2becee6d07b72",1.778,1.801,0.15,"all",0.25
"262","(Treatment=='15MC2' & TP=='240.00') | (Treatment=='5MC2' & TP == '-0.45')","748289d833e671b4848c77b9443c2034",-6.87303084697549,0.999999998060661,1,"Bacteria","Proteobacteria","Alphaproteobacteria","Rickettsiales","Rickettsiaceae","uncultured","","748289d833e671b4848c77b9443c2034",1.778,1.801,0.15,"all",0.25
"263","(Treatment=='15MC2' & TP=='240.00') | (Treatment=='5MC2' & TP == '-0.45')","d40d89b5dcf64f7918b4d54234b2f2d6",5.70763071968879,0.067955268313133,0.261972483641933,"Bacteria","Proteobacteria","Alphaproteobacteria","Rickettsiales","Rickettsiaceae","uncultured","uncultured bacterium","d40d89b5dcf64f7918b4d54234b2f2d6",1.778,1.801,0.15,"all",0.25
"264","(Treatment=='15MC2' & TP=='240.00') | (Treatment=='5MC2' & TP == '-0.45')","efbe1f58b1e2984ddc53a64f047d94ff",-5.18524917886475,1,1,"Bacteria","Proteobacteria","Gammaproteobacteria","Betaproteobacteriales","Burkholderiaceae","Janthinobacterium","","efbe1f58b1e2984ddc53a64f047d94ff",1.778,1.801,0.15,"all",0.25
"265","(Treatment=='15MC2' & TP=='240.00') | (Treatment=='5MC2' & TP == '-0.45')","9c54c522a386d5ed75686001dae803d9",-9.10639765543374,0.999999999999988,1,"Bacteria","Proteobacteria","Gammaproteobacteria","Betaproteobacteriales","Burkholderiaceae","","","9c54c522a386d5ed75686001dae803d9",1.778,1.801,0.15,"all",0.25
"266","(Treatment=='15MC2' & TP=='240.00') | (Treatment=='5MC2' & TP == '-0.45')","d295b9a63b6148b9f4663819da1c914b",-10.6091933660337,1,1,"Bacteria","Proteobacteria","Gammaproteobacteria","Betaproteobacteriales","Burkholderiaceae","Curvibacter","","d295b9a63b6148b9f4663819da1c914b",1.778,1.801,0.15,"all",0.25
"267","(Treatment=='15MC2' & TP=='240.00') | (Treatment=='5MC2' & TP == '-0.45')","29b2870e522fa2d0b60ae25278a57c5b",-7.14715771475736,0.999999999643852,1,"Bacteria","Proteobacteria","Gammaproteobacteria","Betaproteobacteriales","","","","29b2870e522fa2d0b60ae25278a57c5b",1.778,1.801,0.15,"all",0.25
"268","(Treatment=='15MC2' & TP=='240.00') | (Treatment=='5MC2' & TP == '-0.45')","65a75a16ddf0882daec9e72eea3aa180",-5.04446174248485,0.999950115409107,1,"Bacteria","Proteobacteria","Gammaproteobacteria","Salinisphaerales","Solimonadaceae","Nevskia","","65a75a16ddf0882daec9e72eea3aa180",1.778,1.801,0.15,"all",0.25
"269","(Treatment=='15MC2' & TP=='240.00') | (Treatment=='5MC2' & TP == '-0.45')","29f3083d2d8f993bec5a67e7af219321",-4.27962621066843,0.988008132476835,1,"Bacteria","Verrucomicrobia","Verrucomicrobiae","Opitutales","Opitutaceae","Lacunisphaera","","29f3083d2d8f993bec5a67e7af219321",1.778,1.801,0.15,"all",0.25
"270","(Treatment=='15MC2' & TP=='240.00') | (Treatment=='5MC2' & TP == '-0.45')","5ed8f8f3a98e669d81b30c56825e0870",7.82188906547248,2.27342617519049e-52,2.0157712086689e-50,"Bacteria","Verrucomicrobia","Verrucomicrobiae","Opitutales","Opitutaceae","Diplosphaera","uncultured Desulfococcus sp.","5ed8f8f3a98e669d81b30c56825e0870",1.778,1.801,0.15,"all",0.25
"271","(Treatment=='15MC2' & TP=='240.00') | (Treatment=='5MC2' & TP == '-0.45')","d23dbaf26dbe6cf1224e2d377b9b326b",5.96270389588186,0.0821176895178126,0.295179802861326,"Bacteria","Proteobacteria","Alphaproteobacteria","Rhodospirillales","Magnetospirillaceae","Magnetospirillum","","d23dbaf26dbe6cf1224e2d377b9b326b",1.785,1.807,0.15,"all",0.25
"272","(Treatment=='15MC2' & TP=='240.00') | (Treatment=='5MC2' & TP == '-0.45')","84ea3564fd34c5377c4305b340f0c16f",-4.92394303031237,0.890407352898998,1,"Bacteria","Proteobacteria","Alphaproteobacteria","SAR11 clade","Clade III","","","84ea3564fd34c5377c4305b340f0c16f",1.785,1.807,0.15,"all",0.25
"273","(Treatment=='15MC2' & TP=='240.00') | (Treatment=='5MC2' & TP == '-0.45')","0ae5531a9802e71139c959faebdde10c",-4.35135691318756,0.999999927909841,1,"Bacteria","Proteobacteria","Alphaproteobacteria","Reyranellales","Reyranellaceae","Reyranella","","0ae5531a9802e71139c959faebdde10c",1.785,1.807,0.15,"all",0.25
